NC(=O)C([C@@H]1CCN(CCC2=CC3=C(OCC3)C=C2)C1)(C1=CC=CC=C1)C1=CC=CC=C1;N30-N39
NC(CCC(O)=O)C=C;R25-R29
CC(C)(C#N)C1=CC(=CC(CN2C=NC=N2)=C1)C(C)(C)C#N;N80-N98
O.O.O.O.O.O.O.O.O.[Na+].[Na+].[Na+].[H][C@@]1(O[Sb]2(O)(O[Sb]34([O-])O[C@@H](C([O-])=O)[C@@]([H])(O3)[C@]([H])(O4)[C@H](O)CO)O[C@@H](C([O-])=O)[C@@]1([H])O2)[C@H](O)CO;C40-C41
[H][C@@]12CCC[C@]1([H])N([C@@H](C2)C(O)=O)C(=O)[C@H](C)N[C@@H](CCC1=CC=CC=C1)C(=O)OCC;R80-R82
CN1[C@H]2CC[C@@H]1C[C@@H](C2)OC(=O)C(CO)C1=CC=CC=C1;Q50-Q56
[H][C@@]12C[C@@]3([H])[C@]4([H])CCC5=CC(=O)C=C[C@]5(C)[C@@]4(F)[C@@H](O)C[C@]3(C)[C@@]1(OC1(CCCC1)O2)C(=O)COC(C)=O;M20-M25
[H][C@@]12CC[C@](O)(C(=O)CO)[C@@]1(C)C[C@H](O)[C@@]1([H])[C@@]2([H])CCC2=CC(=O)C=C[C@]12C;H25-H28
[Na+].[Cl-];T20-T25
[H][C@@]1(C[C@@](C)(OC)[C@@H](O)[C@H](C)O1)O[C@H]1[C@H](C)[C@@H](O[C@]2([H])O[C@H](C)C[C@@H]([C@H]2O)N(C)C)[C@@](C)(C[C@@H](C)C(=O)[C@H](C)[C@@H](O)[C@](C)(O)[C@@H](CC)OC(=O)[C@@H]1C)OC;I10-I15
CC1=NN(C(=O)C1=N/NC1=C(O)C(=CC=C1)C1=CC=CC(=C1)C(O)=O)C1=CC=C(C)C(C)=C1;P50-P61
[H][C@@]12CC[C@](O)(C(=O)CO)[C@@]1(C)C[C@H](O)[C@@]1([H])[C@@]2([H])CCC2=CC(=O)C=C[C@]12C;H15-H22
CC1=NN(C(=O)C1=N/NC1=C(O)C(=CC=C1)C1=CC=CC(=C1)C(O)=O)C1=CC=C(C)C(C)=C1;D65-D69
C[C@@H]1CCCN1CCCOC1=CC=C(C=C1)C1=NNC(=O)C=C1;R40-R46
[H][C@@](C)(CCC(O)=O)[C@@]1([H])CC[C@@]2([H])[C@]3([H])[C@]([H])(O)[C@]([H])(CC)[C@]4([H])C[C@]([H])(O)CC[C@]4(C)[C@@]3([H])CC[C@]12C;K35-K38
CC1=CC=CN2C(=O)C(=CN=C12)C1=NNN=N1;H10-H13
CC[C@H]1OC(=O)[C@H](C)[C@@H](O[C@H]2C[C@@](C)(OC)[C@@H](O)[C@H](C)O2)[C@H](C)[C@@H](O[C@@H]2O[C@H](C)C[C@@H]([C@H]2O)N(C)C)[C@](C)(O)C[C@@H](C)CN(C)[C@H](C)[C@@H](O)[C@]1(C)O;A70-A74
CCCCC1=C(C(=O)C2=CC(I)=C(OCCN(CC)CC)C(I)=C2)C2=C(O1)C=CC=C2;R00-R09
[H][C@@]1(CC[C@@]2([H])[C@]3([H])CC[C@@]4([H])NC(=O)C=C[C@]4(C)[C@@]3([H])CC[C@]12C)C(=O)NC1=CC(=CC=C1C(F)(F)F)C(F)(F)F;N40-N51
[H][C@@]12C[C@@]3([H])C(C(=O)C4=C(O)C=CC=C4[C@@]3(C)O)=C(O)[C@]1(O)C(=O)C(C(=O)NCNCCCC[C@H](N)C(O)=O)=C(O)[C@H]2N(C)C;A75-A79
NC1=NC(=O)N(C=C1F)[C@@H]1CS[C@H](CO)O1;E40-E46
NC(=O)C1=NN(C=N1)[C@@H]1O[C@H](CO)[C@@H](O)[C@H]1O;J20-J22
CCN1CC(CCN2CCOCC2)C(C1=O)(C1=CC=CC=C1)C1=CC=CC=C1;J90-J94
COC1=CC2=C(C=C1OCCCN1CCCC1)N=CN=C2OC1=C(F)C2=C(NC(C)=C2)C=C1;C51-C58
[H][C@@](C)(N)[C@]([H])(O)C1=CC=CC=C1;R00-R09
[MgH2];I60-I69
[H][C@@]12CC[C@](O)(C(=O)CO)[C@@]1(C)CC(=O)[C@@]1([H])[C@@]2([H])CCC2=CC(=O)C=C[C@]12C;D80-D89
[H][C@@]12C[C@@H](C)[C@](OC(=O)CC)(C(=O)SCF)[C@@]1(C)C[C@H](O)[C@@]1(F)[C@@]2([H])C[C@H](F)C2=CC(=O)C=C[C@]12C;J40-J47
[H][C@]12[C@H](C[C@@H](C)C=C1C=C[C@H](C)[C@@H]2CC[C@@H]1C[C@@H](O)CC(=O)O1)OC(=O)C(C)(C)CC;I00-I02
CCN1C=C(C(O)=O)C(=O)C2=CC(F)=C(N3CCNC(C)C3)C(F)=C12;I30-I52
CCCC(CCC)C(O)=O;F40-F48
[H][C@]12[C@H](C[C@H](O)C=C1C=C[C@H](C)[C@@H]2CC[C@@H](O)C[C@@H](O)CC(O)=O)OC(=O)[C@@H](C)CC;I95-I99
[H][C@]1(CSSC[C@]2([H])NC(=O)[C@H](CC3=CC=C(O)C=C3)NC(=O)[C@H](CCC(O)=O)NC(=O)[C@@H]3CSSC[C@H](NC(=O)[C@H](C)NC(=O)[C@@H]4CCCN4C(=O)[C@H](CC(N)=O)NC(=O)[C@H](CSSC[C@H](N)C(=O)N3)NC2=O)C(=O)N[C@@]([H])([C@@H](C)O)C(=O)NCC(=O)N1)C(=O)N[C@@H](CC1=CC=C(O)C=C1)C(O)=O;P75-P78
[N+]1=2[Co-3]345([N+]6=C7[C@H]([C@@](CC(=O)N)(C)[C@@]6([C@@]6(N3C(=C(C)C3=[N+]4C(C(C)(C)[C@@H]3CCC(=O)N)=CC3=[N+]5C(=C7C)[C@@](CC(=O)N)([C@@H]3CCC(=O)N)C)[C@@](C)([C@H]6CC(=O)N)CCC(NC[C@@H](C)OP(=O)(O[C@@H]3[C@H](O[C@H](N(C4=CC(=C(C=C14)C)C)C=2)[C@@H]3O)CO)[O-])=O)[H])C)CCC(=O)N)O[H];S20-S29
CCCOC(=O)CN1C=C(I)C(=O)C(I)=C1;J40-J47
NC1=NC(=O)N(C=C1F)[C@@H]1CS[C@H](CO)O1;E65-E68
N[C@@H](CSCC(O)=O)C(O)=O;J40-J47
NC1=NC(=O)N(C=C1F)[C@@H]1CS[C@H](CO)O1;E15-E16
NC(=O)C1=NN(C=N1)[C@@H]1O[C@H](CO)[C@@H](O)[C@H]1O;J80-J84
[H][C@]12SCC(COC(N)=O)=C(N1C(=O)[C@H]2NC(=O)C(=N/OC)C1=CC=CO1)C(O)=O;J20-J22
NC1=CC=CC2=C1CN(C1CCC(=O)NC1=O)C2=O;D50-D53
OC[C@@H](O)[C@H](O)[C@@H](O)C=O;K65-K67
CCC1=C2NC3=C(CCOC3(CC)CC(O)=O)C2=CC=C1;G60-G64
CN(C)C1=NC(CC2=CC=C(NC(=O)C3=CC=C(C=C3)C(F)(F)F)C=C2)=NC(N(C)C)=C1CC(O)=O;J40-J47
CC[C@H]1OC(=O)[C@H](C)[C@@H](O[C@H]2C[C@@](C)(OC)[C@@H](O)[C@H](C)O2)[C@H](C)[C@@H](O[C@@H]2O[C@H](C)C[C@@H]([C@H]2O)N(C)C)[C@](C)(O)C[C@@H](C)CN(C)[C@H](C)[C@@H](O)[C@]1(C)O;B00-B09
[H][C@]12O[C@@]1([H])[C@]1([H])C[C@@]([H])(C[C@@]2([H])[N+]1(C)C)OC(=O)C(O)(C1=CC=CS1)C1=CC=CS1;J40-J47
CCN(CC)CCCC(C)NC1=C2C=CC(Cl)=CC2=NC=C1;O94-O99
CN1CCN(CC2=CC=C(C=C2)C(=O)NC2=CC(NC3=NC=CC(=N3)C3=CN=CC=C3)=C(C)C=C2)CC1;T08-T14
[H][C@@]12OC3=C(O)C=CC4=C3[C@@]11CCN(C)[C@]([H])(C4)[C@]1([H])CCC2=O;P75-P78
CN1CCN(CC2=CC=C(C=C2)C(=O)NC2=CC(NC3=NC=CC(=N3)C3=CN=CC=C3)=C(C)C=C2)CC1;T29-T32
COC1=CC=C(C=C1OC1CCCC1)C(C)=NOC(N)=O;J40-J47
[H][C@@]12CC[C@](O)(C(=O)CO)[C@@]1(C)CC(=O)[C@@]1([H])[C@@]2([H])CCC2=CC(=O)C=C[C@]12C;M30-M36
NC(CCC(O)=O)C=C;P90-P96
NC1=NC(=O)N(C=C1F)[C@@H]1CS[C@H](CO)O1;E20-E35
CC(CC1=CC=C(O)C=C1)NCC(O)C1=CC(O)=CC(O)=C1;J40-J47
NC(=O)NC1NC(=O)NC1=O;T51-T65
CN(C)C(=N)NC(N)=N;I10-I15
OC1=CC=C2C(OC3=CC(O)=CC=C3C22OC(=O)C3=C2C=CC=C3)=C1;H43-H45
N[Pt](N)(Cl)Cl;D37-D48
COC1=C(CC=C(/C)CCC(=O)OCCN2CCOCC2)C(O)=C2C(=O)OCC2=C1C;N17-N19
COC1=CC2=C(C=C1OCCCN1CCCC1)N=CN=C2OC1=C(F)C2=C(NC(C)=C2)C=C1;C64-C68
[H][C@]12SCC(CSC3=NN=NN3C)=C(N1C(=O)[C@H]2NC(=O)C(=N/OC)C1=CSC(N)=N1)C(O)=O;A92-A99
CC[C@H]1OC(=O)[C@H](C)[C@@H](O[C@H]2C[C@@](C)(OC)[C@@H](O)[C@H](C)O2)[C@H](C)[C@@H](O[C@@H]2O[C@H](C)C[C@@H]([C@H]2O)N(C)C)[C@](C)(O)C[C@@H](C)C(=O)[C@H](C)[C@@H](O)[C@]1(C)O;L60-L75
[N+]1=2[Co-3]345([N+]6=C7[C@H]([C@@](CC(=O)N)(C)[C@@]6([C@@]6(N3C(=C(C)C3=[N+]4C(C(C)(C)[C@@H]3CCC(=O)N)=CC3=[N+]5C(=C7C)[C@@](CC(=O)N)([C@@H]3CCC(=O)N)C)[C@@](C)([C@H]6CC(=O)N)CCC(NC[C@@H](C)OP(=O)(O[C@@H]3[C@H](O[C@H](N(C4=CC(=C(C=C14)C)C)C=2)[C@@H]3O)CO)[O-])=O)[H])C)CCC(=O)N)O[H];T51-T65
CN1[C@H]2CC[C@@H]1C[C@@H](C2)OC(=O)[C@H](CO)C1=CC=CC=C1;K40-K46
[H][C@]12SCC(CSC3=NN=NN3C)=C(N1C(=O)[C@]2(NC(=O)CSCC#N)OC)C(O)=O;A50-A64
C[C@H](NCC1=CC=C(OCC2=CC(F)=CC=C2)C=C1)C(N)=O;G20-G26
[H][C@]12SCC(CSC3=NN=NN3C)=C(N1C(=O)[C@]2(NC(=O)CSCC#N)OC)C(O)=O;B20-B24
C[C@H]1OC(OC2CC(O)C(C(O)CC(=O)CC(O)C(O)CCC(O)CC(O)CC(O)CC(=O)OC(C)C(C)C(O)C(C)C=CC=CCCC=CC=CC=CC=C2)C(O)=O)[C@@H](O)[C@@H](N)[C@@H]1O;L20-L30
CCN(CC)CCNC(=O)C1=CC(Cl)=C(N)C=C1OC;O80-O84
[H][C@@]12CC[C@]3(C)[C@]([H])(CC=C4[C@]5([H])[C@@H](C)[C@H](C)CC[C@@]5(CC[C@@]34C)C(=O)O[C@@H]3O[C@H](CO[C@@H]4O[C@H](CO)[C@@H](O[C@@H]5O[C@@H](C)[C@H](O)[C@@H](O)[C@H]5O)[C@H](O)[C@H]4O)[C@@H](O)[C@H](O)[C@H]3O)[C@@]1(C)C[C@@H](O)[C@H](O)[C@@]2(C)CO;S80-S89
[H][C@@]12CC[C@]3(C)[C@]([H])(CC=C4[C@]5([H])[C@@H](C)[C@H](C)CC[C@@]5(CC[C@@]34C)C(=O)O[C@@H]3O[C@H](CO[C@@H]4O[C@H](CO)[C@@H](O[C@@H]5O[C@@H](C)[C@H](O)[C@@H](O)[C@H]5O)[C@H](O)[C@H]4O)[C@@H](O)[C@H](O)[C@H]3O)[C@@]1(C)C[C@@H](O)[C@H](O)[C@@]2(C)CO;T08-T14
[H][C@@]1(CCN(CC2=C(C=C(C=C2)C(O)=NC2=CC(NC3=NC=CC(=N3)C3=CN=CN=C3)=C(C)C=C2)C(F)(F)F)C1)N(C)C;M91-M94
[H][C@@]1(CCN(CC2=C(C=C(C=C2)C(O)=NC2=CC(NC3=NC=CC(=N3)C3=CN=CN=C3)=C(C)C=C2)C(F)(F)F)C1)N(C)C;M40-M54
NC(=O)NC1NC(=O)NC1=O;T26-T28
[H][C@]12[C@H](C[C@H](O)C=C1C=C[C@H](C)[C@@H]2CC[C@@H](O)C[C@@H](O)CC(O)=O)OC(=O)[C@@H](C)CC;I05-I09
CN(C)C(=O)OC1=CC(=CC(OC(=O)N(C)C)=C1)C(O)CNC(C)(C)C;J40-J47
[H][C@@]12C[C@@]3([H])C(C(=O)C4=C(O)C=CC=C4[C@@]3(C)O)=C(O)[C@]1(O)C(=O)C(C(=O)NCNCCCC[C@H](N)C(O)=O)=C(O)[C@H]2N(C)C;B50-B64
OC[C@@H](O)[C@H](O)[C@@H](O)C=O;K90-K93
COC1=C(OC)C(=O)C(CCCCCCCCCCCCO)=C(C)C1=O;F70-F79
NC(=O)C1=NN(C=N1)[C@@H]1O[C@H](CO)[C@@H](O)[C@H]1O;J09-J18
CNC(=O)C1=CC=C(C)C(=C1)N1C(C)=CC(OCC2=C(F)C=C(F)C=C2)=C(Br)C1=O;J40-J47
CC[C@H](C)[C@H](N)C1=N[C@@H](CS1)C(=O)N[C@@H](CC(C)C)C(=O)N[C@H](CCC(O)=O)C(=O)N[C@@H]([C@@H](C)CC)C(=O)N[C@H]1CCCCNC(=O)[C@H](CC(N)=O)NC(=O)[C@@H](CC(O)=O)NC(=O)[C@H](CC2=CNC=N2)NC(=O)[C@@H](CC2=CC=CC=C2)NC(=O)[C@@H](NC(=O)[C@@H](CCCN)NC1=O)[C@@H](C)CC;L80-L99
CN1CCC(CN2C3=CC=CC=C3SC3=CC=CC=C23)C1;T66-T78
CC(=O)NC1=C(I)C(C(O)=O)=C(I)C(NC(C)=O)=C1I;W85-W99
O=C(NC1=C2OC(=CC(=O)C2=CC=C1)C1=NNN=N1)C1=CC=C(OCCCCC2=CC=CC=C2)C=C1;J40-J47
COC1=C(OCC(O)COC(N)=O)C=CC=C1;M95-M99
[H][C@]1(C[C@@H]2CC[N@]1C[C@@H]2C=C)[C@H](O)C1=CC=NC2=CC=C(OC)C=C12;M20-M25
[H][C@]12CCC[C@H](N1C(=O)[C@H](CC1=C2C=CC=C1)NC(=O)[C@@H](SC(C)=O)C(C)C)C(O)=O;I10-I15
N[Pt](N)(Cl)Cl;C76-C80
COC1=C(CC=C(/C)CCC(=O)OCCN2CCOCC2)C(O)=C2C(=O)OCC2=C1C;N10-N16
OC1=CC=C2C(OC3=CC(O)=CC=C3C22OC(=O)C3=C2C=CC=C3)=C1;H40-H42
NC(=O)C1=NN(C=N1)[C@@H]1O[C@H](CO)[C@@H](O)[C@H]1O;J85-J86
[H][C@@]12CC[C@](O)(C(=O)COC(=O)CN(CC)CC)[C@@]1(C)C[C@H](O)[C@@]1([H])[C@@]2([H])CCC2=CC(=O)CC[C@]12C;M00-M03
[N+]1=2[Co-3]345([N+]6=C7[C@H]([C@@](CC(=O)N)(C)[C@@]6([C@@]6(N3C(=C(C)C3=[N+]4C(C(C)(C)[C@@H]3CCC(=O)N)=CC3=[N+]5C(=C7C)[C@@](CC(=O)N)([C@@H]3CCC(=O)N)C)[C@@](C)([C@H]6CC(=O)N)CCC(NC[C@@H](C)OP(=O)(O[C@@H]3[C@H](O[C@H](N(C4=CC(=C(C=C14)C)C)C=2)[C@@H]3O)CO)[O-])=O)[H])C)CCC(=O)N)O[H];S90-S99
[N+]1=2[Co-3]345([N+]6=C7[C@H]([C@@](CC(=O)N)(C)[C@@]6([C@@]6(N3C(=C(C)C3=[N+]4C(C(C)(C)[C@@H]3CCC(=O)N)=CC3=[N+]5C(=C7C)[C@@](CC(=O)N)([C@@H]3CCC(=O)N)C)[C@@](C)([C@H]6CC(=O)N)CCC(NC[C@@H](C)OP(=O)(O[C@@H]3[C@H](O[C@H](N(C4=CC(=C(C=C14)C)C)C=2)[C@@H]3O)CO)[O-])=O)[H])C)CCC(=O)N)O[H];T79-T79
[H][C@]1(NC(=O)[C@@H](NC(=O)[C@@H]2C[C@@H](O)CN2C(=O)[C@@H](NC(=O)[C@H](C[C@@H](O)[C@@H](O)NC(=O)[C@@H]2[C@@H](O)[C@@H](C)CN2C1=O)NC(=O)C1=CC=C(C=C1)C1=CC=C(C=C1)C1=CC=C(OCCCCC)C=C1)[C@@H](C)O)[C@H](O)[C@@H](O)C1=CC=C(O)C=C1)[C@@H](C)O;R50-R69
[H][C@@]12CC(=O)N1[C@@H](C(O)=O)[C@](C)(CN1C=CN=N1)S2(=O)=O;L60-L75
CCCCC[C@H](O)C=C[C@H]1[C@H](O)CC(=O)[C@@H]1CCCCCCC(O)=O;N40-N51
CC(CCC1=CC=C(O)C=C1)NCCC1=CC(O)=C(O)C=C1;C00-C14
OC(=O)CN1C(=CC2=CC=CC=C12)C(=O)NC1=NC(=CS1)C1=CC=CC=C1Cl;E65-E68
O.O.O.O.O.O.O.O.O.[Na+].[Na+].[Na+].[H][C@@]1(O[Sb]2(O)(O[Sb]34([O-])O[C@@H](C([O-])=O)[C@@]([H])(O3)[C@]([H])(O4)[C@H](O)CO)O[C@@H](C([O-])=O)[C@@]1([H])O2)[C@H](O)CO;D10-D36
NCCCCCC(O)(P(O)(O)=O)P(O)(O)=O;M80-M94
CCC(=C(CC)C1=CC=C(O)C=C1)C1=CC=C(O)C=C1;C51-C58
[H][C@]12SCC(CSC3=NN=NN3C)=C(N1C(=O)[C@]2(NC(=O)CSCC#N)OC)C(O)=O;B35-B49
[H][C@@]12C[C@H]3OC(CCC)O[C@@]3(C(=O)CO)[C@@]1(C)C[C@H](O)[C@@]1([H])[C@@]2([H])CCC2=CC(=O)C=C[C@]12C;J40-J47
[N+]1=2[Co-3]345([N+]6=C7[C@H]([C@@](CC(=O)N)(C)[C@@]6([C@@]6(N3C(=C(C)C3=[N+]4C(C(C)(C)[C@@H]3CCC(=O)N)=CC3=[N+]5C(=C7C)[C@@](CC(=O)N)([C@@H]3CCC(=O)N)C)[C@@](C)([C@H]6CC(=O)N)CCC(NC[C@@H](C)OP(=O)(O[C@@H]3[C@H](O[C@H](N(C4=CC(=C(C=C14)C)C)C=2)[C@@H]3O)CO)[O-])=O)[H])C)CCC(=O)N)O[H];S70-S79
NCCCC(N)(C(F)F)C(O)=O;C15-C26
[H]C(=C([H])C1=CC=C(CNCCC2=C(C)NC3=CC=CC=C23)C=C1)C(O)=NO;E10-E14
CCCN1CCC(CC1)C1=CC=CC(=C1)S(C)(=O)=O;G10-G14
CC(C)[C@H](OC(=O)NC[C@H](CC(O)=O)C1=CC=C(Cl)C=C1)OC(=O)C(C)C;G20-G26
OC(=O)CNC(=O)C1=C(O)C2=CC=CC=C2C(Cl)=N1;N25-N29
[H][C@]1(C[C@@H]2CC[N@]1C[C@@H]2C=C)[C@H](O)C1=CC=NC2=CC=C(OC)C=C12;M00-M03
CC[C@H]1C=C(C)[C@@H](O)CC=CC=C(CO[C@@H]2O[C@H](C)[C@@H](OC(=O)C3=C(CC)C(Cl)=C(O)C(Cl)=C3O)[C@H](O)[C@@H]2OC)C(=O)OC(CC=C(/C)C=C(C)[C@@H]1O[C@@H]1OC(C)(C)[C@@H](OC(=O)C(C)C)[C@H](O)[C@@H]1O)[C@@H](C)O;K55-K64
CCC(=C(CC)C1=CC=C(O)C=C1)C1=CC=C(O)C=C1;C00-C14
[H][C@@]12CC(=O)N1[C@@H](C(O)=O)[C@](C)(CN1C=CN=N1)S2(=O)=O;L20-L30
[N+]1=2[Co-3]345([N+]6=C7[C@H]([C@@](CC(=O)N)(C)[C@@]6([C@@]6(N3C(=C(C)C3=[N+]4C(C(C)(C)[C@@H]3CCC(=O)N)=CC3=[N+]5C(=C7C)[C@@](CC(=O)N)([C@@H]3CCC(=O)N)C)[C@@](C)([C@H]6CC(=O)N)CCC(NC[C@@H](C)OP(=O)(O[C@@H]3[C@H](O[C@H](N(C4=CC(=C(C=C14)C)C)C=2)[C@@H]3O)CO)[O-])=O)[H])C)CCC(=O)N)O[H];T20-T32
[H][C@@](C)(CCC(O)=O)[C@@]1([H])CC[C@@]2([H])[C@]3([H])[C@]([H])(O)[C@]([H])(CC)[C@]4([H])C[C@]([H])(O)CC[C@]4(C)[C@@]3([H])CC[C@]12C;K90-K93
CN(C)C(=N)NC(N)=N;E10-E14
[H][C@]12[C@H](C[C@@H](C)C=C1C=C[C@H](C)[C@@H]2CC[C@@H]1C[C@@H](O)CC(=O)O1)OC(=O)[C@@H](C)CC;I05-I09
C(N1C2=CC=CC=C2N=C1N1CCNCC1)C1=CC=CC=C1;C73-C75
CC[C@H](C)[C@H]1N([C@@H](C(=O)N2CCOCC2)C2=COC(C)=N2)C(=O)[C@H](NC1=O)C1CC2=CC=CC=C2C1;O60-O75
CN(C)CCC=C1C2=CC=CC=C2COC2=C1C=C(CC(O)=O)C=C2;H43-H45
[H][C@@]12C[C@@]3([H])C(C(=O)C4=C(O)C=CC=C4[C@@]3(C)O)=C(O)[C@]1(O)C(=O)C(C(=O)NCNCCCC[C@H](N)C(O)=O)=C(O)[C@H]2N(C)C;B65-B83
[H][C@@](C)(N)[C@]([H])(O)C1=CC=CC=C1;G60-G64
NCCCCCC(O)(P(O)(O)=O)P(O)(O)=O;M40-M54
NC1=NC(N)=C(N=N1)C1=C(Cl)C(Cl)=CC=C1;M70-M79
O=C1[O-][Gd+3]234567[O]=C(C[N]2(CC[N]3(CC([O-]4)=O)CC[N]5(CC(=[O]6)NC)CC(=O)[O-]7)C1)NC;G10-G14
[H][C@@]12CC[C@H](C(C)=O)[C@@]1(C)C[C@H](O)[C@@]1([H])[C@@]2([H])C[C@H](C)C2=CC(=O)CC[C@]12C;H49-H52
[H][C@]12SCC(CSC3=NN=NN3C)=C(N1C(=O)[C@]2(NC(=O)CSCC#N)OC)C(O)=O;A20-A28
OC[C@H]1O[C@H](C[C@@H]1O)N1C=C(C(=O)NC1=O)C(F)(F)F;C50-C50
ClCCC(=O)NCC1=CC=CC=C1;F80-F89
[H][C@@]12C[C@H]3OC(CCC)O[C@@]3(C(=O)CO)[C@@]1(C)C[C@H](O)[C@@]1([H])[C@@]2([H])CCC2=CC(=O)C=C[C@]12C;Q30-Q34
CN(C)CCC=C1C2=CC=CC=C2COC2=C1C=C(CC(O)=O)C=C2;H00-H06
[H][C@@]1(C[C@@H](C)[C@]2([H])CC(=O)[C@H](C)C=C(C)[C@@H](O)[C@@H](OC)C(=O)[C@H](C)C[C@H](C)C=CC=CC=C(C)[C@H](C[C@]3([H])CC[C@@H](C)[C@@](O)(O3)C(=O)C(=O)N3CCCC[C@@]3([H])C(=O)O2)OC)CC[C@@H](O)[C@@H](C1)OC;D80-D89
CCCCC(=O)N(CC1=CC=C(C=C1)C1=CC=CC=C1C1=NNN=N1)[C@@H](C(C)C)C(O)=O;R80-R82
O[C@H]1CCN2Cc3ccccc3N=C12;O30-O48
OC(=N)CN1CCCC1=O;R40-R46
CC(C)N=C1C=C2N(C3=CC=C(Cl)C=C3)C3=C(C=CC=C3)N=C2C=C1NC1=CC=C(Cl)C=C1;K50-K52
N[C@@H](CSCCCO)C(=O)O;J40-J47
COCCOC1=CC2=C(C=C1OCCOC)C(NC1=CC(=CC=C1)C#C)=NC=N2;D70-D77
COC1=C(OCC(O)COC(N)=O)C=CC=C1;M60-M79
CC(C)C1(CC=C)C(=O)NC(=O)NC1=O;R20-R23
OC[C@@H](O)[C@H](O)[C@@H](O)C=O;K80-K87
CC(=O)NS(=O)(=O)C1=CC=C(N)C=C1;H90-H95
CCCC(C)(COC(N)=O)COC(=O)NC(C)C;M80-M94
[H][C@@]12C[C@@]3([H])C(C(=O)C4=C(O)C=CC=C4[C@@]3(C)O)=C(O)[C@]1(O)C(=O)C(C(=O)NCNCCCC[C@H](N)C(O)=O)=C(O)[C@H]2N(C)C;A80-A89
CC(C)C1=NC(=NC(C2=CC=C(F)C=C2)=C1C=C[C@@H](O)C[C@@H](O)CC(=O)O)N(C)S(C)(=O)=O;I60-I69
O=C1[O-][Gd+3]234567[O]=C(C[N]2(CC[N]3(CC([O-]4)=O)CC[N]5(CC(=[O]6)NC)CC(=O)[O-]7)C1)NC;G70-G73
OC1=CC=C2C(OC3=CC(O)=CC=C3C22OC(=O)C3=C2C=CC=C3)=C1;H15-H22
[H][C@@]12CC[C@](O)(C(=O)CO)[C@@]1(C)C[C@H](O)[C@@]1([H])[C@@]2([H])CCC2=CC(=O)C=C[C@]12C;D50-D53
COC1=CC(=CC=C1)[C@@H](OC1=CC=C2N(N=CC2=C1)C1=CC=C(F)C=C1)[C@H](C)NC(=O)C(F)(F)F;J40-J47
O[C@H]1CCN2Cc3ccccc3N=C12;O85-O92
CN1CCC(CN2C3=CC=CC=C3SC3=CC=CC=C23)C1;J00-J06
CC(C)COC1=CC=C(CNC(=O)N(CC2=CC=C(F)C=C2)C2CCN(C)CC2)C=C1;G80-G83
NC(=O)NC1NC(=O)NC1=O;S10-S19
[H][C@@](C)(CCC(O)=O)[C@@]1([H])CC[C@@]2([H])[C@]3([H])[C@]([H])(O)[C@]([H])(CC)[C@]4([H])C[C@]([H])(O)CC[C@]4(C)[C@@]3([H])CC[C@]12C;K00-K14
[H][C@@]12CC[C@]3(C)[C@]([H])(CC=C4[C@]5([H])[C@@H](C)[C@H](C)CC[C@@]5(CC[C@@]34C)C(=O)O[C@@H]3O[C@H](CO[C@@H]4O[C@H](CO)[C@@H](O[C@@H]5O[C@@H](C)[C@H](O)[C@@H](O)[C@H]5O)[C@H](O)[C@H]4O)[C@@H](O)[C@H](O)[C@H]3O)[C@@]1(C)C[C@@H](O)[C@H](O)[C@@]2(C)CO;S40-S49
NC1=CC=C(C=C1)S(N)(=O)=O;A00-A09
[H][C@@]12CC[C@](O)(C(=O)CO)[C@@]1(C)C[C@H](O)[C@@]1([H])[C@@]2([H])CCC2=CC(=O)C=C[C@]12C;J30-J39
COC1=C(CC=C(/C)CCC(=O)OCCN2CCOCC2)C(O)=C2C(=O)OCC2=C1C;L10-L14
NC1=NC(N)=C(C=C1)N=NC1=CC=CC=C1;J20-J22
CN1CCN(CC2=CC=C(C=C2)C(=O)NC2=CC(NC3=NC=CC(=N3)C3=CN=CC=C3)=C(C)C=C2)CC1;T15-T19
ClC1=CC=C(NC2=NN=C(CC3=CC=NC=C3)C3=CC=CC=C23)C=C1;D37-D48
CN(C)CCC=C1C2=CC=CC=C2COC2=C1C=C(CC(O)=O)C=C2;H30-H36
[H][C@@]12CC[C@](O)(C(=O)CO)[C@@]1(C)C[C@H](O)[C@@]1([H])[C@@]2([H])CCC2=CC(=O)C=C[C@]12C;G50-G59
[H][C@@]12C[C@@H](C)[C@](O)(C(=O)CO)[C@@]1(C)C[C@H](O)[C@@]1(F)[C@@]2([H])CCC2=CC(=O)C=C[C@]12C;H65-H75
[H][C@@]12CC[C@](O)(C(=O)CO)[C@@]1(C)CC(=O)[C@@]1([H])[C@@]2([H])CCC2=CC(=O)C=C[C@]12C;N17-N19
[H][C@@]12CC3=C(C=C(NC(=O)CNC(C)(C)C)C(O)=C3C(=O)C1=C(O)[C@]1(O)C(=O)C(C(N)=O)=C(O)[C@@H](N(C)C)[C@]1([H])C2)N(C)C;L20-L30
CCCC(C)(COC(N)=O)COC(=O)NC(C)C;M60-M79
[H][C@]12SCC(CSC3=NN=NN3C)=C(N1C(=O)[C@]2(NC(=O)CSCC#N)OC)C(O)=O;A00-A09
CN1CCN(CC2=CC=C(C=C2)C(=O)NC2=CC(NC3=NC=CC(=N3)C3=CN=CC=C3)=C(C)C=C2)CC1;T20-T25
CN(C)C(=O)C(CCN1CCC(O)(CC1)C1=CC=C(Cl)C=C1)(C1=CC=CC=C1)C1=CC=CC=C1;K50-K52
OC(=O)CNC(=O)C1=C(O)C2=CC=CC=C2C(Cl)=N1;N10-N16
[H][C@@]12CC[C@]3(C)[C@]([H])(CC=C4[C@]5([H])[C@@H](C)[C@H](C)CC[C@@]5(CC[C@@]34C)C(=O)O[C@@H]3O[C@H](CO[C@@H]4O[C@H](CO)[C@@H](O[C@@H]5O[C@@H](C)[C@H](O)[C@@H](O)[C@H]5O)[C@H](O)[C@H]4O)[C@@H](O)[C@H](O)[C@H]3O)[C@@]1(C)C[C@@H](O)[C@H](O)[C@@]2(C)CO;T15-T19
O.O.O.O.O.O.O.O.O.[Na+].[Na+].[Na+].[H][C@@]1(O[Sb]2(O)(O[Sb]34([O-])O[C@@H](C([O-])=O)[C@@]([H])(O3)[C@]([H])(O4)[C@H](O)CO)O[C@@H](C([O-])=O)[C@@]1([H])O2)[C@H](O)CO;D37-D48
CC1(C)CCC(C)(C)C2=C1C=C(CN1C=CC=N1)C(C=CC1=CC=C(C=C1)C(O)=O)=C2;J40-J47
NC1=CC=C(C=C1)S(N)(=O)=O;A50-A64
[N+]1=2[Co-3]345([N+]6=C7[C@H]([C@@](CC(=O)N)(C)[C@@]6([C@@]6(N3C(=C(C)C3=[N+]4C(C(C)(C)[C@@H]3CCC(=O)N)=CC3=[N+]5C(=C7C)[C@@](CC(=O)N)([C@@H]3CCC(=O)N)C)[C@@](C)([C@H]6CC(=O)N)CCC(NC[C@@H](C)OP(=O)(O[C@@H]3[C@H](O[C@H](N(C4=CC(=C(C=C14)C)C)C=2)[C@@H]3O)CO)[O-])=O)[H])C)CCC(=O)N)O[H];T90-T98
[H][C@@]12CC(=O)N1[C@@H](C(O)=O)[C@](C)(CN1C=CN=N1)S2(=O)=O;L40-L45
CCN1CC(CCN2CCOCC2)C(C1=O)(C1=CC=CC=C1)C1=CC=CC=C1;J85-J86
[N+]1=2[Co-3]345([N+]6=C7[C@H]([C@@](CC(=O)N)(C)[C@@]6([C@@]6(N3C(=C(C)C3=[N+]4C(C(C)(C)[C@@H]3CCC(=O)N)=CC3=[N+]5C(=C7C)[C@@](CC(=O)N)([C@@H]3CCC(=O)N)C)[C@@](C)([C@H]6CC(=O)N)CCC(NC[C@@H](C)OP(=O)(O[C@@H]3[C@H](O[C@H](N(C4=CC(=C(C=C14)C)C)C=2)[C@@H]3O)CO)[O-])=O)[H])C)CCC(=O)N)O[H];S30-S39
CC[C@H]1OC(=O)[C@H](C)[C@@H](O[C@H]2C[C@@](C)(OC)[C@@H](O)[C@H](C)O2)[C@H](C)[C@@H](O[C@@H]2O[C@H](C)C[C@@H]([C@H]2O)N(C)C)[C@](C)(O)C[C@@H](C)CN(C)[C@H](C)[C@@H](O)[C@]1(C)O;B20-B24
CN1C=NC2=C1C(=O)NC(=O)N2C;J40-J47
O.O.O.O.O.O.O.O.O.[Na+].[Na+].[Na+].[H][C@@]1(O[Sb]2(O)(O[Sb]34([O-])O[C@@H](C([O-])=O)[C@@]([H])(O3)[C@]([H])(O4)[C@H](O)CO)O[C@@H](C([O-])=O)[C@@]1([H])O2)[C@H](O)CO;C43-C44
[H][C@@]12CC3=C(C=C(NC(=O)CNC(C)(C)C)C(O)=C3C(=O)C1=C(O)[C@]1(O)C(=O)C(C(N)=O)=C(O)[C@@H](N(C)C)[C@]1([H])C2)N(C)C;L10-L14
O.O.O.O.O.O.O.O.O.[Na+].[Na+].[Na+].[H][C@@]1(O[Sb]2(O)(O[Sb]34([O-])O[C@@H](C([O-])=O)[C@@]([H])(O3)[C@]([H])(O4)[C@H](O)CO)O[C@@H](C([O-])=O)[C@@]1([H])O2)[C@H](O)CO;D00-D09
CC(C)C(=O)C1=C2C=CC=CN2N=C1C(C)C;F10-F19
NC(=O)NC1NC(=O)NC1=O;T29-T32
CC(C)[C@H](N1CCCNC1=O)C(=O)N[C@H](C[C@H](O)[C@H](CC1=CC=CC=C1)NC(=O)COC1=C(C)C=CC=C1C)CC1=CC=CC=C1;E15-E16
NC1=NC(=O)N(C=C1F)[C@@H]1CS[C@H](CO)O1;E70-E90
NC1=C(CC(O)=O)C=CC=C1C(=O)C1=CC=C(Br)C=C1;T80-T88
NNC(=O)C1=CC=NC=C1;K70-K77
OC[C@@H](O)[C@H](O)[C@@H](O)C=O;K40-K46
COC1=CC2=C(C=C1OCCCN1CCCC1)N=CN=C2OC1=C(F)C2=C(NC(C)=C2)C=C1;D10-D36
C1CC2=C(CO1)C1=C(NC(=N1)C1=NOC=C1)C=N2;F90-F98
CCOC(=O)CCCCCCCCC(C)C1=CC=CC=C1I;S10-S19
[C@H]1([C@@H]2[C@H]([C@@H](N3C4=CC(=C(C)C=C4[N+]([Co-3]456(N7C8=C(C9=[N+]4C(C([C@@H]9CCC(N)=O)(C)C)=CC4=[N+]5C(=C(C5=[N+]6[C@@]([C@]7([C@@H]([C@@]8(C)CCC(=O)NC[C@@]([H])(C)OP([O-])(=O)O2)CC(N)=O)[H])([C@@]([C@@H]5CCC(N)=O)(C)CC(N)=O)C)C)[C@@]([C@@H]4CCC(N)=O)(C)CC(N)=O)C)C#N)=C3)C)O1)O)CO;D60-D64
CN1CCN(CC1)C1=C2OC(=O)NC2=CC=C1;G20-G26
CC[C@H]1OC(=O)[C@H](C)[C@@H](O[C@H]2C[C@@](C)(OC)[C@@H](O)[C@H](C)O2)[C@H](C)[C@@H](O[C@@H]2O[C@H](C)C[C@@H]([C@H]2O)N(C)C)[C@](C)(O)C[C@@H](C)CN(C)[C@H](C)[C@@H](O)[C@]1(C)O;B99-B99
[Ca];M80-M85
COC1=CC2=C(NC(=N2)[S@@](=O)CC2=NC=C(C)C(OC)=C2C)C=C1;M15-M19
[H][C@@]12CC[C@H](C(C)=O)[C@@]1(C)C[C@H](O)[C@@]1([H])[C@@]2([H])C[C@H](C)C2=CC(=O)CC[C@]12C;H15-H22
[H][C@@]12CC[C@](O)(C(=O)CO)[C@@]1(C)C[C@H](O)[C@@]1([H])[C@@]2([H])CCC2=CC(=O)C=C[C@]12C;I70-I79
[H][C@@]12CC(=O)N1[C@@H](C(O)=O)[C@](C)(CN1C=CN=N1)S2(=O)=O;L10-L14
CCCN1CCCC[C@H]1C(=O)NC1=C(C)C=CC=C1C;O00-O08
COC1=C2N(C=C(C(O)=O)C(=O)C2=CC=C1N1C[C@@H](C)C[C@H](N)C1)C1CC1;E10-E14
CC[C@H]1OC(=O)[C@H](C)[C@@H](O[C@H]2C[C@@](C)(OC)[C@@H](O)[C@H](C)O2)[C@H](C)[C@@H](O[C@@H]2O[C@H](C)C[C@@H]([C@H]2O)N(C)C)[C@](C)(O)C[C@@H](C)CN(C)[C@H](C)[C@@H](O)[C@]1(C)O;A50-A64
[H][C@]12SC(C)(C)[C@@H](N1C(=O)[C@H]2NC(=O)[C@H](N)C1=CC=C(O)C=C1)C(O)=O;J95-J99
CN1C=NC(=C1SC1=NC=NC2=C1NC=N2)[N+]([O-])=O;M30-M36
CN1C=NC(=C1SC1=NC=NC2=C1NC=N2)[N+]([O-])=O;N00-N08
C[C@@H]1CC2=CC3=C(OCO3)C=C2C(=NN1C(C)=O)C1=CC=C(N)C=C1;G20-G26
[H][C@]1(C[C@@H]2CC[N@]1C[C@@H]2C=C)[C@H](O)C1=CC=NC2=CC=C(OC)C=C12;I80-I89
[H][C@@]12CC[C@H](C(C)=O)[C@@]1(C)C[C@H](O)[C@@]1([H])[C@@]2([H])C[C@H](C)C2=CC(=O)CC[C@]12C;H30-H36
CC1=NC=C(COP(O)(O)=O)C(C=O)=C1O;E40-E46
CC(C)(C)NCC(O)C1=CC(Cl)=C(N)C(Cl)=C1;J40-J47
CC(C)C1=NC(=NC(C2=CC=C(F)C=C2)=C1C=C[C@@H](O)C[C@@H](O)CC(=O)O)N(C)S(C)(=O)=O;I05-I09
CCN(CC)C(C)C(=O)C1=CC=CC=C1;G40-G47
[H][C@]12SCC(CSC3=NN=C(C)S3)=C(N1C(=O)[C@H]2NC(=O)CN1C=NN=N1)C(O)=O;K65-K67
[N+]1=2[Co-3]345([N+]6=C7[C@H]([C@@](CC(=O)N)(C)[C@@]6([C@@]6(N3C(=C(C)C3=[N+]4C(C(C)(C)[C@@H]3CCC(=O)N)=CC3=[N+]5C(=C7C)[C@@](CC(=O)N)([C@@H]3CCC(=O)N)C)[C@@](C)([C@H]6CC(=O)N)CCC(NC[C@@H](C)OP(=O)(O[C@@H]3[C@H](O[C@H](N(C4=CC(=C(C=C14)C)C)C=2)[C@@H]3O)CO)[O-])=O)[H])C)CCC(=O)N)O[H];S10-S19
CCC1=NN(C2CCCC2)C2=C1CCN1C(=NN=C21)C1=CC=CS1;J40-J47
[H][C@@]12CC[C@H](C(C)=O)[C@@]1(C)C[C@H](O)[C@@]1([H])[C@@]2([H])C[C@H](C)C2=CC(=O)CC[C@]12C;H00-H06
CC(C)(N1CCN(CC1)C1=NC=C(C=C1)C(F)(F)F)C(=O)N[C@H]1C2CC3CC1C[C@@](C3)(C2)C(N)=O;G30-G32
O=C1[O-][Gd+3]234567[O]=C(C[N]2(CC[N]3(CC([O-]4)=O)CC[N]5(CC(=[O]6)NC)CC(=O)[O-]7)C1)NC;G30-G32
NC1=CC=C(C=C1)S(N)(=O)=O;B00-B09
OC(=O)[C@@H](CSC1=CC=CC=C1)CC(=O)C1=CC=C(C=C1)C1=CC=C(Cl)C=C1;M45-M49
OC(=O)CNC(=O)C1=C(O)C2=CC=CC=C2C(Cl)=N1;N20-N23
[H][C@@]1(CCN(CC2=C(C=C(C=C2)C(O)=NC2=CC(NC3=NC=CC(=N3)C3=CN=CN=C3)=C(C)C=C2)C(F)(F)F)C1)N(C)C;M60-M63
[H][C@]12SC(C)(C)[C@@H](N1C(=O)[C@H]2NC(=O)[C@H](N)C1=CC=CC=C1)C(O)=O;O30-O48
[H][C@@]12C[C@@]3([H])C(=C(O)[C@]1(O)C(=O)C(C(N)=O)=C(O)[C@H]2N(C)C)C(=O)C1=C(O)C=CC=C1[C@@]3(C)O;L60-L75
ClC1=CC2=C(C=C1)C(=CC=N2)N1CCN(CCCN2CCN(CC2)C2=CC=NC3=C2C=CC(Cl)=C3)CC1;O10-O16
[H][C@@](O)(CO)[C@@]([H])(O)[C@]([H])(O)[C@]([H])(C=O)N=C(O)C1=C(I)C(N=C(C)O)=C(I)C(N(C)C(C)=O)=C1I;G80-G83
CC(C)[C@H](N1CCCNC1=O)C(=O)N[C@H](C[C@H](O)[C@H](CC1=CC=CC=C1)NC(=O)COC1=C(C)C=CC=C1C)CC1=CC=CC=C1;J00-J06
C[C@H]1OC(OC2CC(O)C(C(O)CC(=O)CC(O)C(O)CCC(O)CC(O)CC(O)CC(=O)OC(C)C(C)C(O)C(C)C=CC=CCCC=CC=CC=CC=C2)C(O)=O)[C@@H](O)[C@@H](N)[C@@H]1O;L80-L99
[H][C@@]12CC[C@](O)(C(=O)CO)[C@@]1(C)C[C@H](O)[C@@]1([H])[C@@]2([H])CCC2=CC(=O)C=C[C@]12C;H49-H52
CC(C)COC1=CC=C(CNC(=O)N(CC2=CC=C(F)C=C2)C2CCN(C)CC2)C=C1;G70-G73
COC1=CC(=CC=C1OC(F)F)C1=NNC(=O)C=C1;J40-J47
CCCC1=C(O)C(=CC=C1SCCCOC1=C(CCC)C(OCCCC(O)=O)=C(C=C1)C(C)=O)C(C)=O;J40-J47
O.O.O.O.O.O.O.O.O.[Na+].[Na+].[Na+].[H][C@@]1(O[Sb]2(O)(O[Sb]34([O-])O[C@@H](C([O-])=O)[C@@]([H])(O3)[C@]([H])(O4)[C@H](O)CO)O[C@@H](C([O-])=O)[C@@]1([H])O2)[C@H](O)CO;C97-C97
[H][C@]12SC(C)(C)[C@@H](N1C(=O)[C@H]2NC(=O)[C@H](N)C1=CC=C(O)C=C1)C(O)=O;H60-H62
[H][C@@]12CC[C@](O)(C(=O)CO)[C@@]1(C)C[C@H](O)[C@@]1([H])[C@@]2([H])CCC2=CC(=O)C=C[C@]12C;H00-H06
CO[C@H]1C=CO[C@@]2(C)OC3=C(C)C(O)=C4C(O)=C(NC(=O)C(C)=C/C=C/[C@H](C)[C@H](O)[C@@H](C)[C@@H](O)[C@@H](C)[C@H](OC(C)=O)[C@@H]1C)C1=C(N=C5C=C(C)C=CN15)C4=C3C2=O;K70-K77
[H][C@@]12CC[C@](O)(C(=O)CO)[C@@]1(C)CC(=O)[C@@]1([H])[C@@]2([H])CCC2=CC(=O)C=C[C@]12C;N25-N29
[H][C@@]1(C[C@@H](C)[C@]2([H])CC(=O)[C@H](C)C=C(C)[C@@H](O)[C@@H](OC)C(=O)[C@H](C)C[C@H](C)C=CC=CC=C(C)[C@H](C[C@]3([H])CC[C@@H](C)[C@@](O)(O3)C(=O)C(=O)N3CCCC[C@@]3([H])C(=O)O2)OC)CC[C@@H](O)[C@@H](C1)OC;D70-D77
[H][C@]12SC(C)(C)[C@@H](N1C(=O)[C@H]2NC(=O)[C@H](N)C1=CC=C(O)C=C1)C(O)=O;J30-J39
[H][C@@]12CC[C@](O)(C(=O)CO)[C@@]1(C)C[C@H](O)[C@@]1([H])[C@@]2([H])CCC2=CC(=O)C=C[C@]12C;J40-J47
CN1CCN(CC2=CC=C(C=C2)C(=O)NC2=CC(NC3=NC=CC(=N3)C3=CN=CC=C3)=C(C)C=C2)CC1;T26-T28
[H][C@@]12CC[C@]3(C)[C@]([H])(CC=C4[C@]5([H])[C@@H](C)[C@H](C)CC[C@@]5(CC[C@@]34C)C(=O)O[C@@H]3O[C@H](CO[C@@H]4O[C@H](CO)[C@@H](O[C@@H]5O[C@@H](C)[C@H](O)[C@@H](O)[C@H]5O)[C@H](O)[C@H]4O)[C@@H](O)[C@H](O)[C@H]3O)[C@@]1(C)C[C@@H](O)[C@H](O)[C@@]2(C)CO;T36-T50
O.O.O.O.O.O.O.O.O.[Na+].[Na+].[Na+].[H][C@@]1(O[Sb]2(O)(O[Sb]34([O-])O[C@@H](C([O-])=O)[C@@]([H])(O3)[C@]([H])(O4)[C@H](O)CO)O[C@@H](C([O-])=O)[C@@]1([H])O2)[C@H](O)CO;C50-C50
[H][C@@]12CC[C@](O)(C(=O)CO)[C@@]1(C)C[C@H](O)[C@@]1([H])[C@@]2([H])CCC2=CC(=O)C=C[C@]12C;H55-H59
[I-].[I-].[I-].CC[N+](CC)(CC)CCOC1=CC=CC(OCC[N+](CC)(CC)CC)=C1OCC[N+](CC)(CC)CC;M86-M90
CC1=C(N(CC2=CC=C(OCCN3CCCCCC3)C=C2)C2=C1C=C(O)C=C2)C1=CC=C(O)C=C1;Q65-Q79
[H][C@]12SCC(CSC3=NN=NN3C)=C(N1C(=O)[C@H]2NC(=O)C(=N/OC)C1=CSC(N)=N1)C(O)=O;A30-A49
[H][C@]12[C@H](C[C@@H](C)C=C1C=C[C@H](C)[C@@H]2CC[C@@H]1C[C@@H](O)CC(=O)O1)OC(=O)[C@@H](C)CC;I00-I02
CCC1(C)OC(=O)N(C)C1=O;Q65-Q79
COCC(O)CN(C(C)=O)C1=C(I)C(C(=O)NCC(O)CO)=C(I)C(C(=O)NCC(O)CO)=C1I;N60-N64
COC1=CC=C(CC(C)NCC(O)C2=CC(NC=O)=C(O)C=C2)C=C1;J40-J47
NC1=CC=C(C=C1)S(N)(=O)=O;B90-B94
[H][C@@](O)(COP(O)(O)=O)[C@@]([H])(O)[C@]([H])(O)C(=O)COP(O)(O)=O;J40-J47
CC(=O)OCC(CCN1C=NC2=CN=C(N)N=C12)COC(C)=O;P35-P39
CCCC1=NN(C)C2=C1NC(=NC2=O)C1=C(OCC)C=CC(=C1)S(=O)(=O)N1CCN(C)CC1;N40-N51
CCC1(C)OC(=O)N(C)C1=O;Q60-Q64
[H][C@@]12CC[C@]3(C)[C@]([H])(CC=C4[C@]5([H])[C@@H](C)[C@H](C)CC[C@@]5(CC[C@@]34C)C(=O)O[C@@H]3O[C@H](CO[C@@H]4O[C@H](CO)[C@@H](O[C@@H]5O[C@@H](C)[C@H](O)[C@@H](O)[C@H]5O)[C@H](O)[C@H]4O)[C@@H](O)[C@H](O)[C@H]3O)[C@@]1(C)C[C@@H](O)[C@H](O)[C@@]2(C)CO;T20-T32
[H][C@@]12CC[C@](O)(C(=O)CO)[C@@]1(C)C[C@H](O)[C@@]1([H])[C@@]2([H])CCC2=CC(=O)C=C[C@]12C;D55-D59
[Gd+3].CC(O)CN1CCN(CC([O-])=O)CCN(CC([O-])=O)CCN(CC([O-])=O)CC1;G35-G37
[H][C@]12SCC(CSC3=NN=NN3C)=C(N1C(=O)[C@H]2NC(=O)C(=N/OC)C1=CSC(N)=N1)C(O)=O;B20-B24
CN1[C@H]2CC[C@@H]1C[C@@H](C2)OC(=O)[C@H](CO)C1=CC=CC=C1;K80-K87
CCC(=C(CC)C1=CC=C(O)C=C1)C1=CC=C(O)C=C1;C64-C68
N#CC[C@H](C1CCCC1)N1C=C(C=N1)C1=C2C=CNC2=NC=N1;D70-D77
[H][C@]12SCC(CSC3=NN=NN3C)=C(N1C(=O)[C@H]2NC(=O)C(=N/OC)C1=CSC(N)=N1)C(O)=O;B50-B64
CC[C@H]1OC(=O)[C@H](C)[C@@H](O[C@H]2C[C@@](C)(OC)[C@@H](O)[C@H](C)O2)[C@H](C)[C@@H](O[C@@H]2O[C@H](C)C[C@@H]([C@H]2O)N(C)C)[C@](C)(O)C[C@@H](C)CN(C)[C@H](C)[C@@H](O)[C@]1(C)O;B25-B34
[Na+].[Cl-];T29-T32
C1CC2=C(CO1)C1=C(NC(=N1)C1=NOC=C1)C=N2;F50-F59
NC1=NC2=C(N=CN2CCOCP(=O)(OCC(F)(F)F)OCC(F)(F)F)C(SC2=CC=CC=C2)=N1;G00-G09
COC1=C(OC)C(=O)C(CCCCCCCCCCCCO)=C(C)C1=O;F60-F69
[H][C@@]12CC[C@](O)(C(C)=O)[C@@]1(C)C[C@H](O)[C@@]1(F)[C@@]2([H])C[C@H](C)C2=CC(=O)C=C[C@]12C;H43-H45
CC(C)C1=NC(=NC(C2=CC=C(F)C=C2)=C1C=C[C@@H](O)C[C@@H](O)CC(=O)O)N(C)S(C)(=O)=O;I00-I02
COCC(O)CN(C(C)=O)C1=C(I)C(C(=O)NCC(O)CO)=C(I)C(C(=O)NCC(O)CO)=C1I;N99-N99
CC[C@H](C)[C@H](N)C1=N[C@@H](CS1)C(=O)N[C@@H](CC(C)C)C(=O)N[C@H](CCC(O)=O)C(=O)N[C@@H]([C@@H](C)CC)C(=O)N[C@H]1CCCCNC(=O)[C@H](CC(N)=O)NC(=O)[C@@H](CC(O)=O)NC(=O)[C@H](CC2=CNC=N2)NC(=O)[C@@H](CC2=CC=CC=C2)NC(=O)[C@@H](NC(=O)[C@@H](CCCN)NC1=O)[C@@H](C)CC;L20-L30
[H][C@]12SCC(CSC3=NN=NN3C)=C(N1C(=O)[C@H]2NC(=O)C(=N/OC)C1=CSC(N)=N1)C(O)=O;A20-A28
C(N1C2=CC=CC=C2N=C1N1CCNCC1)C1=CC=CC=C1;C69-C72
CN(C)CCC=C1C2=CC=CC=C2COC2=C1C=C(CC(O)=O)C=C2;H25-H28
CNCC[C@@H](OC1=CC=CC=C1C)C1=CC=CC=C1;F90-F98
COC1=C(OC)C(=O)C(CCCCCCCCCCCCO)=C(C)C1=O;F80-F89
[H][C@@]12CC[C@](O)(C(=O)CO)[C@@]1(C)C[C@H](O)[C@@]1(F)[C@@]2([H])CCC2=CC(=O)CC[C@]12C;E70-E90
CC(C)C1=NN=C(C)N1[C@H]1C[C@@H]2CC[C@H](C1)N2CC[C@H](NC(=O)C1CCC(F)(F)CC1)C1=CC=CC=C1;J40-J47
[H][C@]12CC[C@]([H])(C[C@@H](C1)OC(=O)C(CO)C1=CC=CC=C1)[N+]2(C)C(C)C;J40-J47
O=C1[O-][Gd+3]234567[O]=C(C[N]2(CC[N]3(CC([O-]4)=O)CC[N]5(CC(=[O]6)NC)CC(=O)[O-]7)C1)NC;G35-G37
[N+]1=2[Co-3]345([N+]6=C7[C@H]([C@@](CC(=O)N)(C)[C@@]6([C@@]6(N3C(=C(C)C3=[N+]4C(C(C)(C)[C@@H]3CCC(=O)N)=CC3=[N+]5C(=C7C)[C@@](CC(=O)N)([C@@H]3CCC(=O)N)C)[C@@](C)([C@H]6CC(=O)N)CCC(NC[C@@H](C)OP(=O)(O[C@@H]3[C@H](O[C@H](N(C4=CC(=C(C=C14)C)C)C=2)[C@@H]3O)CO)[O-])=O)[H])C)CCC(=O)N)O[H];T36-T50
NC1=CC=C(C=C1)S(N)(=O)=O;A30-A49
COC1=CC2=C(C=C1OCCCN1CCCC1)N=CN=C2OC1=C(F)C2=C(NC(C)=C2)C=C1;C30-C39
CC(C)[C@H](N1CCCNC1=O)C(=O)N[C@H](C[C@H](O)[C@H](CC1=CC=CC=C1)NC(=O)COC1=C(C)C=CC=C1C)CC1=CC=CC=C1;E50-E64
NC(=O)NC1NC(=O)NC1=O;S90-S99
CC1=C(N(N=C1C(=O)NN1CCCCC1)C1=C(Cl)C=C(Cl)C=C1)C1=CC=C(Cl)C=C1;F10-F19
[H][C@]12SCC(CSC3=NN=NN3C)=C(N1C(=O)[C@]2(NC(=O)CSCC#N)OC)C(O)=O;A92-A99
CC(C)[C@H](N1CCCNC1=O)C(=O)N[C@H](C[C@H](O)[C@H](CC1=CC=CC=C1)NC(=O)COC1=C(C)C=CC=C1C)CC1=CC=CC=C1;E10-E14
[H][C@]12SC(C)(C)[C@@H](N1C(=O)[C@H]2NC(=O)[C@H](N)C1=CC=C(O)C=C1)C(O)=O;K00-K14
[H][C@@]12C[C@@H]([C@H](OC(C)=O)[C@@]1(C)CC[C@@]1([H])[C@@]2([H])CC[C@@]2([H])C[C@H](O)[C@H](C[C@]12C)N1CCOCC1)[N+]1(CC=C)CCCC1;R30-R39
ClC1=CC2=C(C=C1)C(=CC=N2)N1CCN(CCCN2CCN(CC2)C2=CC=NC3=C2C=CC(Cl)=C3)CC1;O20-O29
CCC(C)CCCCC(=O)NC(CCN)C(=O)NC(C(C)O)C(=O)NC(CCN)C(=O)NC1CCNC(=O)C(NC(=O)C(CCN)NC(=O)C(CCN)NC(=O)C(CC(C)C)NC(=O)C(CC2=CC=CC=C2)NC(=O)C(CCN)NC1=O)C(C)O;C64-C68
[H][C@@]12C[C@@H](C)[C@](O)(C(=O)CO)[C@@]1(C)C[C@H](O)[C@@]1([H])[C@@]2([H])C[C@]([H])(F)C2=CC(=O)C=C[C@]12C;H30-H36
C(N1C2=CC=CC=C2N=C1N1CCNCC1)C1=CC=CC=C1;C40-C41
OC1=CC(O)=CC(O)=C1;N60-N64
CN1[C@H]2CC[C@@H]1C[C@@H](C2)OC(=O)C(CO)C1=CC=CC=C1;T36-T50
[H][C@@]12[C@@H](O)[C@@]3([H])C(C(=O)C4=C(O)C=CC=C4[C@@]3(C)O)=C(O)[C@]1(O)C(=O)C(C(N)=O)=C(O)[C@H]2N(C)C;H10-H13
NC(=O)C1=NN(C=N1)[C@@H]1O[C@H](CO)[C@@H](O)[C@H]1O;J95-J99
NC1=CC=C(C=C1)S(N)(=O)=O;B50-B64
[H][C@]12SCC(CSC3=NN=NN3C)=C(N1C(=O)[C@H]2NC(=O)C(=N/OC)C1=CSC(N)=N1)C(O)=O;B65-B83
NCCCC(N)(C(F)F)C(O)=O;D10-D36
NC(=O)C1=NN(C=N1)[C@@H]1O[C@H](CO)[C@@H](O)[C@H]1O;J90-J94
CCC1(CCC(=O)NC1=O)C1=CC=C(N)C=C1;E20-E35
NCCCC[C@@H]1NC(=O)[C@@H](CC2=CNC3=C2C=CC=C3)NC(=O)[C@@H](NC(=O)[C@@H]2C[C@H](CN2C(=O)[C@H](CC2=CC=CC=C2)NC(=O)[C@H](CC2=CC=C(OCC3=CC=CC=C3)C=C2)NC1=O)OC(=O)NCCN)C1=CC=CC=C1;E20-E35
CCCN(CCC)S(=O)(=O)C1=CC=C(C=C1)C(O)=O;J40-J47
NC(=O)NC1NC(=O)NC1=O;S30-S39
CCN1C=C(C(O)=O)C(=O)C2=CC(F)=C(N3CCNC(C)C3)C(F)=C12;K50-K52
CC(C)(C)C1=NN(C(NC(O)=NCC2=CC=CC=C2SC2=CN3C(C=C2)=NN=C3C2=CC=CC=C2SCCO)=C1)C1=CC(Cl)=C(O)C=C1;J40-J47
OCC1=C(O)C=CC(=C1)C(O)CNCCCCCCOCCCCC1=CC=CC=C1;J40-J47
[Gd+3].CC(O)CN1CCN(CC([O-])=O)CCN(CC([O-])=O)CCN(CC([O-])=O)CC1;G50-G59
[H][C@@]12C[C@@]3([H])C(C(=O)C4=C(O)C=CC=C4[C@@]3(C)O)=C(O)[C@]1(O)C(=O)C(C(=O)NCNCCCC[C@H](N)C(O)=O)=C(O)[C@H]2N(C)C;A00-A09
NCCCCCC(O)(P(O)(O)=O)P(O)(O)=O;M86-M90
CN1CCN(CC2=CC=C(C=C2)C(=O)NC2=CC(N=C3NC(=CS3)C3=CN=CC=C3)=C(C)C=C2)CC1;J40-J47
CC[C@H]1OC(=O)[C@H](C)[C@@H](O[C@H]2C[C@@](C)(OC)[C@@H](O)[C@H](C)O2)[C@H](C)[C@@H](O[C@@H]2O[C@H](C)C[C@@H]([C@H]2O)N(C)C)[C@](C)(O)C[C@@H](C)C(=O)[C@H](C)[C@@H](O)[C@]1(C)O;H65-H75
[H][C@]12SC(C)(C)[C@@H](N1C(=O)[C@H]2NC(=O)[C@H](N)C1=CC=C(O)C=C1)C(O)=O;J00-J06
NC1=NC(N)=C(C=C1)N=NC1=CC=CC=C1;J40-J47
[C@H]1([C@@H]2[C@H]([C@@H](N3C4=CC(=C(C)C=C4[N+]([Co-3]456(N7C8=C(C9=[N+]4C(C([C@@H]9CCC(N)=O)(C)C)=CC4=[N+]5C(=C(C5=[N+]6[C@@]([C@]7([C@@H]([C@@]8(C)CCC(=O)NC[C@@]([H])(C)OP([O-])(=O)O2)CC(N)=O)[H])([C@@]([C@@H]5CCC(N)=O)(C)CC(N)=O)C)C)[C@@]([C@@H]4CCC(N)=O)(C)CC(N)=O)C)C#N)=C3)C)O1)O)CO;D55-D59
ClCCC(=O)NCC1=CC=CC=C1;F10-F19
[H][C@]12SCC(CSC3=NN=NN3C)=C(N1C(=O)[C@H]2NC(=O)C(=N/OC)C1=CSC(N)=N1)C(O)=O;A75-A79
OCC(O)COC1=CC=C(Cl)C=C1;R50-R69
[H][C@@]12C[C@@H](C)[C@](O)(C(=O)CO)[C@@]1(C)C[C@H](O)[C@@]1(F)[C@@]2([H])CCC2=CC(=O)C=C[C@]12C;H80-H83
[H][C@]12SCC(CSC3=NN=NN3C)=C(N1C(=O)[C@]2(NC(=O)CSCC#N)OC)C(O)=O;B90-B94
CC(C)(C)NC[C@H](O)C1=CC(CO)=C(O)C=C1;J40-J47
COC1=CC=C(C=C1OC1CCCC1)[C@H]1CNC(=O)[C@H](CC2=CC(C)=CC=C2)C1;R40-R46
CC(C(O)=O)C1=CC(=CC=C1)C(=O)C1=CC=CC=C1;R50-R69
CC(C)OC1=C(Cl)C=C(C=N1)C1=NC(=NO1)C1=C2C=CN(CCCC(O)=O)C2=CC=C1;D80-D89
CN1CCN(CC2=CC=C(C=C2)C(=O)NC2=CC(NC3=NC=CC(=N3)C3=CN=CC=C3)=C(C)C=C2)CC1;T51-T65
COC1=CC2=C(C=C1OCCCN1CCCC1)N=CN=C2OC1=C(F)C2=C(NC(C)=C2)C=C1;C43-C44
C(N1C2=CC=CC=C2N=C1N1CCNCC1)C1=CC=CC=C1;C51-C58
COC1=CC2=C(C=C1OCCCN1CCCC1)N=CN=C2OC1=C(F)C2=C(NC(C)=C2)C=C1;C81-C96
CN1C=NC(=C1SC1=NC=NC2=C1NC=N2)[N+]([O-])=O;I70-I79
[H][C@@]12C[C@@H](C)[C@](O)(C(=O)CO)[C@@]1(C)C[C@H](O)[C@@]1(F)[C@@]2([H])CCC2=CC(=O)C=C[C@]12C;R10-R19
[H][C@@]12C[C@@H](C)[C@](O)(C(=O)CO)[C@@]1(C)C[C@H](O)[C@@]1(F)[C@@]2([H])CCC2=CC(=O)C=C[C@]12C;H60-H62
CCC(=C(CC)C1=CC=C(O)C=C1)C1=CC=C(O)C=C1;C69-C72
[H][C@@](C)(CCC(O)=O)[C@@]1([H])CC[C@@]2([H])[C@]3([H])[C@]([H])(O)[C@]([H])(CC)[C@]4([H])C[C@]([H])(O)CC[C@]4(C)[C@@]3([H])CC[C@]12C;K80-K87
[H][C@]12SC(C)(C)[C@@H](N1C(=O)[C@H]2NC(=O)[C@H](N)C1=CC=C(O)C=C1)C(O)=O;K20-K31
[N+]1=2[Co-3]345([N+]6=C7[C@H]([C@@](CC(=O)N)(C)[C@@]6([C@@]6(N3C(=C(C)C3=[N+]4C(C(C)(C)[C@@H]3CCC(=O)N)=CC3=[N+]5C(=C7C)[C@@](CC(=O)N)([C@@H]3CCC(=O)N)C)[C@@](C)([C@H]6CC(=O)N)CCC(NC[C@@H](C)OP(=O)(O[C@@H]3[C@H](O[C@H](N(C4=CC(=C(C=C14)C)C)C=2)[C@@H]3O)CO)[O-])=O)[H])C)CCC(=O)N)O[H];S50-S59
NC1=CC=C(C=C1)S(N)(=O)=O;B65-B83
ClC1=CC2=C(C=C1)C(=CC=N2)N1CCN(CCCN2CCN(CC2)C2=CC=NC3=C2C=CC(Cl)=C3)CC1;O00-O08
[H][C@@]12CCCC[C@]1([H])CN(C[C@@H](O)[C@H](CSC1=CC=CC=C1)NC(=O)C1=C(C)C(O)=CC=C1)[C@@H](C2)C(=O)NC(C)(C)C;O94-O99
NC1=CC=C(C=C1)S(N)(=O)=O;B25-B34
NCCCCCC(O)(P(O)(O)=O)P(O)(O)=O;M60-M79
CN1C=C(C=N1)C1=C2C=NNC(=O)C3=C2C(N1)=CC(NC(=O)[C@H](N)C1CCCCC1)=C3;C30-C39
[H][C@]12SCC(CSC3=NN=NN3C)=C(N1C(=O)[C@H]2NC(=O)C(=N/OC)C1=CSC(N)=N1)C(O)=O;B95-B98
NC1=NC(N)=C2N=C(C3=CC=CC(O)=C3)C(=NC2=N1)C1=CC(O)=CC=C1;I20-I25
FC(F)OC1=C(OCC2CC2)C=C(C=C1)C(=O)NC1=C(Cl)C=NC=C1Cl;L55-L59
FC(F)(F)COC1=CC(C(=O)NCC2CCCCN2)=C(OCC(F)(F)F)C=C1;R00-R09
OC1=CC=C2C(OC3=CC(O)=CC=C3C22OC(=O)C3=C2C=CC=C3)=C1;H55-H59
[H][C@@]12CC[C@](O)(C(=O)CO)[C@@]1(C)CC(=O)[C@@]1([H])[C@@]2([H])CCC2=CC(=O)C=C[C@]12C;I70-I79
O=C1[O-][Gd+3]234567[O]=C(C[N]2(CC[N]3(CC([O-]4)=O)CC[N]5(CC(=[O]6)NC)CC(=O)[O-]7)C1)NC;G80-G83
NC(=O)NC1NC(=O)NC1=O;S40-S49
CN(C)C(=O)OC1=CC(=CC=C1)[N+](C)(C)C;Q50-Q56
[H][C@]12SCC(CSC3=NN=NN3C)=C(N1C(=O)[C@]2(NC(=O)CSCC#N)OC)C(O)=O;B95-B98
[H][C@@]12C[C@@]3([H])C(C(=O)C4=C(O)C=CC=C4[C@@]3(C)O)=C(O)[C@]1(O)C(=O)C(C(=O)NCNCCCC[C@H](N)C(O)=O)=C(O)[C@H]2N(C)C;A20-A28
CN1C2=CC=CC=C2C(=N[C@H](NC(=O)C2=CC3=CC=CC4=C3N2CCC4)C1=O)C1=CC=CC=C1;K90-K93
CN1CCN(CC2=CC=C(C=C2)C(=O)NC2=CC(NC3=NC=CC(=N3)C3=CN=CC=C3)=C(C)C=C2)CC1;T33-T35
NC1=CC=C(C=C1)S(N)(=O)=O;B99-B99
CC(C)C(=O)C1=C2C=CC=CN2N=C1C(C)C;G60-G64
[H][C@@]12[C@@H](C)C3=C(C(O)=CC=C3)C(=O)C1=C(O)[C@]1(O)C(=O)C(C(N)=O)=C(O)[C@@H](N(C)C)[C@]1([H])[C@H]2O;K00-K14
NC1=NC(=NC(N)=N1)C1=C(Cl)C=CC(Cl)=C1;C97-C97
CCC(=C(CC)C1=CC=C(O)C=C1)C1=CC=C(O)C=C1;C76-C80
CC[C@H](NC(C)C)[C@H](O)C1=C2C=CC(=O)NC2=C(O)C=C1;J40-J47
NC(=O)C1=NN(C=N1)[C@@H]1O[C@H](CO)[C@@H](O)[C@H]1O;J30-J39
CCCCN1CCCCC1C(=O)NC1=C(C)C=CC=C1C;P75-P78
C[C@H]1OC(OC2CC(O)C(C(O)CC(=O)CC(O)C(O)CCC(O)CC(O)CC(O)CC(=O)OC(C)C(C)C(O)C(C)C=CC=CCCC=CC=CC=CC=C2)C(O)=O)[C@@H](O)[C@@H](N)[C@@H]1O;L60-L75
[H][C@]12SCC(CSC3=NN=NN3C)=C(N1C(=O)[C@]2(NC(=O)CSCC#N)OC)C(O)=O;A15-A19
C(C1CN2CCC1CC2)N1C2=CC=CC=C2SC2=CC=CC=C12;J40-J47
[H][C@]12[C@H](C[C@@H](C)C=C1C=C[C@H](C)[C@@H]2CC[C@@H]1C[C@@H](O)CC(=O)O1)OC(=O)[C@@H](C)CC;I20-I25
CN1C2=CC=CC=C2C(=N[C@H](NC(=O)C2=CC3=CC=CC4=C3N2CCC4)C1=O)C1=CC=CC=C1;K80-K87
NC1=NC(=O)N(C=C1F)[C@@H]1CS[C@H](CO)O1;E10-E14
CC[C@H](C)[C@H]1N([C@@H](C(=O)N2CCOCC2)C2=COC(C)=N2)C(=O)[C@H](NC1=O)C1CC2=CC=CC=C2C1;P05-P08
OC1N=C(C2=CC=CC=C2F)C2=C(C=CC(Cl)=C2)N(CCC#N)C1=O;R30-R39
O.O.O.O.O.O.O.O.O.[Na+].[Na+].[Na+].[H][C@@]1(O[Sb]2(O)(O[Sb]34([O-])O[C@@H](C([O-])=O)[C@@]([H])(O3)[C@]([H])(O4)[C@H](O)CO)O[C@@H](C([O-])=O)[C@@]1([H])O2)[C@H](O)CO;C30-C39
NC(=O)NC1NC(=O)NC1=O;T08-T14
[H]C1=C([H])[C@]2([H])C[C@]2(N=C(O)[C@]2([H])C[C@]([H])(C[C@@]2([H])C(=O)N(C)CCCC1)OC1=C2C=CC(OC)=C(C)C2=NC(=C1)C1=NC(=CS1)C(C)C)C(O)=NS(=O)(=O)C1CC1;K70-K77
[H][C@]12SCC(CSC3=NN=NN3C)=C(N1C(=O)[C@H]2NC(=O)C(=N/OC)C1=CSC(N)=N1)C(O)=O;B00-B09
NC(=O)N1C2=CC=CC=C2C=CC2=CC=CC=C12;M70-M79
NC(=O)NC1NC(=O)NC1=O;S50-S59
OC(=O)CN1C2=C(CN(CC2)C(=O)C2=CC=CC3=CC=CC=C23)C2=CC(F)=CC=C12;J40-J47
[H][C@@]12CC3=C(C=C(NC(=O)CNC(C)(C)C)C(O)=C3C(=O)C1=C(O)[C@]1(O)C(=O)C(C(N)=O)=C(O)[C@@H](N(C)C)[C@]1([H])C2)N(C)C;L00-L08
COC1=CC=C(C=C1)N1N=C(CCC(=O)N(C)O)C=C1C1=CC=C(Cl)C=C1;J40-J47
CC(=O)C1=CC=C2SC3=C(C=CC=C3)N(CCCN3CCN(CCO)CC3)C2=C1;F40-F48
C[C@]12CC[C@@H]([C@@H](CN)[C@@H]1CCC2=C)[C@@]1(C)CC[C@H](O)C[C@@H]1CO;J40-J47
NC1=NC2=C(N=CN2COC(CO)CO)C(=O)N1;C81-C96
[H][C@@]12C[C@@]3([H])C(C(=O)C4=C(O)C=CC=C4[C@@]3(C)O)=C(O)[C@]1(O)C(=O)C(C(=O)NCNCCCC[C@H](N)C(O)=O)=C(O)[C@H]2N(C)C;A70-A74
CCN1CC(CCN2CCOCC2)C(C1=O)(C1=CC=CC=C1)C1=CC=CC=C1;J40-J47
[H][C@@]12CC[C@]3(C)[C@]([H])(CC=C4[C@]5([H])[C@@H](C)[C@H](C)CC[C@@]5(CC[C@@]34C)C(=O)O[C@@H]3O[C@H](CO[C@@H]4O[C@H](CO)[C@@H](O[C@@H]5O[C@@H](C)[C@H](O)[C@@H](O)[C@H]5O)[C@H](O)[C@H]4O)[C@@H](O)[C@H](O)[C@H]3O)[C@@]1(C)C[C@@H](O)[C@H](O)[C@@]2(C)CO;T51-T65
[H][C@@]12CC[C@](O)(C(=O)CO)[C@@]1(C)C[C@H](O)[C@@]1([H])[C@@]2([H])CCC2=CC(=O)C=C[C@]12C;N25-N29
CC[C@H]1OC(=O)[C@H](C)[C@@H](O[C@H]2C[C@@](C)(OC)[C@@H](O)[C@H](C)O2)[C@H](C)[C@@H](O[C@@H]2O[C@H](C)C[C@@H]([C@H]2O)N(C)C)[C@](C)(O)C[C@@H](C)CN(C)[C@H](C)[C@@H](O)[C@]1(C)O;A65-A69
OC[C@@H](O)[C@@H](O)[C@H](O)[C@H](O)CO;Q30-Q34
CCCN1CCCC[C@H]1C(=O)NC1=C(C)C=CC=C1C;O20-O29
O=C(CCN1C=NC2=C1NC=NC2=O)NCCCN1CCCC1=O;F00-F09
OC1=CC=C2C(OC3=CC(O)=CC=C3C22OC(=O)C3=C2C=CC=C3)=C1;H00-H06
[N]=O;J95-J99
CN1[C@H]2CC[C@@H]1C[C@@H](C2)OC(=O)[C@H](CO)C1=CC=CC=C1;K00-K14
CCN1C=C(C(O)=O)C(=O)C2=CC(F)=C(N3CCNC(C)C3)C(F)=C12;R50-R69
[H][C@@]12CC[C@](O)(C(=O)CO)[C@@]1(C)C[C@H](O)[C@@]1([H])[C@@]2([H])CCC2=CC(=O)C=C[C@]12C;H10-H13
CC(C)[C@H](N1CCCNC1=O)C(=O)N[C@H](C[C@H](O)[C@H](CC1=CC=CC=C1)NC(=O)COC1=C(C)C=CC=C1C)CC1=CC=CC=C1;E20-E35
CCCCC[C@H](O)C=C[C@H]1[C@H](O)CC(=O)[C@@H]1CCCCCCC(O)=O;F50-F59
CN1CCN(CC2=CC=C(C=C2)C(=O)NC2=CC(NC3=NC=CC(=N3)C3=CN=CC=C3)=C(C)C=C2)CC1;T36-T50
COC1=CC=C(CC(C)(C)NC[C@H](O)C2=C3OCC(=O)NC3=CC(O)=C2)C=C1;J40-J47
CCC(=C(CC)C1=CC=C(O)C=C1)C1=CC=C(O)C=C1;C43-C44
CCC1=CN=C(CCOC2=CC=C(CC3SC(=O)NC3=O)C=C2)C=C1;F30-F39
CN(C)CCC=C1C2=CC=CC=C2COC2=C1C=C(CC(O)=O)C=C2;H46-H48
[H][C@@]1(C[C@@H](C)[C@]2([H])CC(=O)[C@H](C)C=C(C)[C@@H](O)[C@@H](OC)C(=O)[C@H](C)C[C@H](C)C=CC=CC=C(C)[C@H](C[C@]3([H])CC[C@@H](C)[C@@](O)(O3)C(=O)C(=O)N3CCCC[C@@]3([H])C(=O)O2)OC)CC[C@@H](O)[C@@H](C1)OC;T80-T88
FC1=CC=C(C=C1)C(N1CCN(CC1)C1=NC(NCC=C)=NC(NCC=C)=N1)C1=CC=C(F)C=C1;J40-J47
S=C1N=CNC2=C1NC=N2;K50-K52
NC(=O)CN1CC(O)CC1=O;F00-F09
[H][C@@]12CC[C@](O)(C(=O)CO)[C@@]1(C)C[C@H](O)[C@@]1([H])[C@@]2([H])CCC2=CC(=O)C=C[C@]12C;H30-H36
[N+]1=2[Co-3]345([N+]6=C7[C@H]([C@@](CC(=O)N)(C)[C@@]6([C@@]6(N3C(=C(C)C3=[N+]4C(C(C)(C)[C@@H]3CCC(=O)N)=CC3=[N+]5C(=C7C)[C@@](CC(=O)N)([C@@H]3CCC(=O)N)C)[C@@](C)([C@H]6CC(=O)N)CCC(NC[C@@H](C)OP(=O)(O[C@@H]3[C@H](O[C@H](N(C4=CC(=C(C=C14)C)C)C=2)[C@@H]3O)CO)[O-])=O)[H])C)CCC(=O)N)O[H];S80-S89
CN1C2=CC=CC=C2C(=N[C@H](NC(=O)C2=CC3=CC=CC4=C3N2CCC4)C1=O)C1=CC=CC=C1;K65-K67
[H][C@]12[C@H](C[C@@H](C)C=C1C=C[C@H](C)[C@@H]2CC[C@@H]1C[C@@H](O)CC(=O)O1)OC(=O)[C@@H](C)CC;I95-I99
CN1CCC(CN2C3=CC=CC=C3SC3=CC=CC=C23)C1;J30-J39
COC1=CC2=C(NC(=N2)[S@@](=O)CC2=NC=C(C)C(OC)=C2C)C=C1;M05-M14
CC[C@H](C)[C@H](NC(=O)[C@H](CCC(O)=O)NC(=O)[C@H](CCC(O)=O)NC(=O)[C@H](CC1=CC=CC=C1)NC(=O)[C@H](CC(O)=O)NC(=O)CNC(=O)[C@H](CC(N)=O)NC(=O)CNC(=O)CNC(=O)CNC(=O)CNC(=O)[C@@H]1CCCN1C(=O)[C@H](CCCNC(N)=N)NC(=O)[C@@H]1CCCN1C(=O)[C@H](N)CC1=CC=CC=C1)C(=O)N1CCC[C@H]1C(=O)N[C@@H](CCC(O)=O)C(=O)N[C@@H](CCC(O)=O)C(=O)N[C@@H](CC1=CC=C(O)C=C1)C(=O)N[C@@H](CC(C)C)C(O)=O;P50-P61
[H][C@@]12C[C@@H](C)[C@](O)(C(=O)CCl)[C@@]1(C)C[C@H](O)[C@@]1(Cl)[C@@]2([H])CCC2=CC(=O)C=C[C@]12C;J40-J47
C[C@H](NCCC1=CC=C(O)C=C1)[C@H](O)C1=CC=C(O)C=C1;O60-O75
O[C@H]1CCN2Cc3ccccc3N=C12;O00-O08
CN(C)C(=N)NC(N)=N;F20-F29
[N+]1=2[Co-3]345([N+]6=C7[C@H]([C@@](CC(=O)N)(C)[C@@]6([C@@]6(N3C(=C(C)C3=[N+]4C(C(C)(C)[C@@H]3CCC(=O)N)=CC3=[N+]5C(=C7C)[C@@](CC(=O)N)([C@@H]3CCC(=O)N)C)[C@@](C)([C@H]6CC(=O)N)CCC(NC[C@@H](C)OP(=O)(O[C@@H]3[C@H](O[C@H](N(C4=CC(=C(C=C14)C)C)C=2)[C@@H]3O)CO)[O-])=O)[H])C)CCC(=O)N)O[H];S60-S69
[H][C@@]1(C)C[C@@]2([H])[C@]3([H])CCC4=CC(=O)C=C[C@]4(C)[C@@]3(Cl)[C@@]([H])(O)C[C@]2(C)[C@@]1(OC(=O)C1=CC=CO1)C(=O)CCl;J40-J47
CC(C)C1=CC2=C(OC3=NC(N)=C(C=C3C2=O)C(O)=O)C=C1;J85-J86
ClC1=CC2=C(C=C1)C(=CC=N2)N1CCN(CCCN2CCN(CC2)C2=CC=NC3=C2C=CC(Cl)=C3)CC1;O80-O84
[I-].[I-].[I-].CC[N+](CC)(CC)CCOC1=CC=CC(OCC[N+](CC)(CC)CC)=C1OCC[N+](CC)(CC)CC;M60-M63
[H][C@@]12CC[C@]3(C)[C@]([H])(CC=C4[C@]5([H])[C@@H](C)[C@H](C)CC[C@@]5(CC[C@@]34C)C(=O)O[C@@H]3O[C@H](CO[C@@H]4O[C@H](CO)[C@@H](O[C@@H]5O[C@@H](C)[C@H](O)[C@@H](O)[C@H]5O)[C@H](O)[C@H]4O)[C@@H](O)[C@H](O)[C@H]3O)[C@@]1(C)C[C@@H](O)[C@H](O)[C@@]2(C)CO;S90-S99
[H][C@@]12CC[C@]3(C)[C@]([H])(CC=C4[C@]5([H])[C@@H](C)[C@H](C)CC[C@@]5(CC[C@@]34C)C(=O)O[C@@H]3O[C@H](CO[C@@H]4O[C@H](CO)[C@@H](O[C@@H]5O[C@@H](C)[C@H](O)[C@@H](O)[C@H]5O)[C@H](O)[C@H]4O)[C@@H](O)[C@H](O)[C@H]3O)[C@@]1(C)C[C@@H](O)[C@H](O)[C@@]2(C)CO;T33-T35
[Cl-].[Cl-].[Ca++];R70-R79
CN1[C@H]2CC[C@@H]1C[C@@H](C2)OC(=O)[C@H](CO)C1=CC=CC=C1;K90-K93
OC1=CC(O)=CC(O)=C1;N99-N99
OC(=O)C=CC1=CC=C(CN2C=CN=C2)C=C1;E50-E64
CC1=CC=C(C=C1)C(=O)OC1=C(OC(=O)C2=CC=C(C)C=C2)C=C(C=C1)C(O)CNC(C)(C)C;J40-J47
NC(=O)C1=NN(C=N1)[C@@H]1O[C@H](CO)[C@@H](O)[C@H]1O;J00-J06
C[C@@](N1CCCCC1)(C(=O)O[C@H]1C[N+]2(CCC3=CC=C(F)C=C3)CCC1CC2)C1=CC=CC=C1;J40-J47
CCC(=O)OCC(=O)[C@@]1(OC(=O)CC)[C@@H](C)C[C@H]2[C@@H]3CCC4=CC(=O)C=C[C@]4(C)[C@@]3(F)[C@@H](O)C[C@]12C;N10-N16
[I-].[I-].[I-].CC[N+](CC)(CC)CCOC1=CC=CC(OCC[N+](CC)(CC)CC)=C1OCC[N+](CC)(CC)CC;M60-M79
[I-].[I-].[I-].CC[N+](CC)(CC)CCOC1=CC=CC(OCC[N+](CC)(CC)CC)=C1OCC[N+](CC)(CC)CC;M40-M43
CC1=CC=C(C=C1)C1=CC(=NN1C1=CC=C(C=C1)S(N)(=O)=O)C(F)(F)F;M45-M49
O.O.O.O.O.O.O.O.O.[Na+].[Na+].[Na+].[H][C@@]1(O[Sb]2(O)(O[Sb]34([O-])O[C@@H](C([O-])=O)[C@@]([H])(O3)[C@]([H])(O4)[C@H](O)CO)O[C@@H](C([O-])=O)[C@@]1([H])O2)[C@H](O)CO;C15-C26
N[Pt](N)(Cl)Cl;C81-C96
NC1=CC=CC2=C1CN(C1CCC(=O)NC1=O)C2=O;N17-N19
COC1=C(OCC(O)COC(N)=O)C=CC=C1;M40-M54
[H][C@@]12CC[C@H](O)[C@@]1(C)CC[C@@]1([H])[C@@]2([H])CCC2=CC(=O)CC[C@]12C;E65-E68
CCC(=O)OCC(=O)[C@@]1(OC(=O)CC)[C@@H](C)C[C@H]2[C@@H]3CCC4=CC(=O)C=C[C@]4(C)[C@@]3(F)[C@@H](O)C[C@]12C;N20-N23
[H][C@@]12C[C@@H](C)[C@H](C(=O)CO)[C@@]1(C)C[C@H](O)[C@@]1(F)[C@@]2([H])CCC2=CC(=O)C=C[C@]12C;M15-M19
CC[C@H](C)[C@H](N)C1=N[C@@H](CS1)C(=O)N[C@@H](CC(C)C)C(=O)N[C@H](CCC(O)=O)C(=O)N[C@@H]([C@@H](C)CC)C(=O)N[C@H]1CCCCNC(=O)[C@H](CC(N)=O)NC(=O)[C@@H](CC(O)=O)NC(=O)[C@H](CC2=CNC=N2)NC(=O)[C@@H](CC2=CC=CC=C2)NC(=O)[C@@H](NC(=O)[C@@H](CCCN)NC1=O)[C@@H](C)CC;L10-L14
[H][C@]12[C@H](C[C@@H](C)C=C1C=C[C@H](C)[C@@H]2CC[C@@H]1C[C@@H](O)CC(=O)O1)OC(=O)C(C)(C)CC;I05-I09
[N+]1=2[Co-3]345([N+]6=C7[C@H]([C@@](CC(=O)N)(C)[C@@]6([C@@]6(N3C(=C(C)C3=[N+]4C(C(C)(C)[C@@H]3CCC(=O)N)=CC3=[N+]5C(=C7C)[C@@](CC(=O)N)([C@@H]3CCC(=O)N)C)[C@@](C)([C@H]6CC(=O)N)CCC(NC[C@@H](C)OP(=O)(O[C@@H]3[C@H](O[C@H](N(C4=CC(=C(C=C14)C)C)C=2)[C@@H]3O)CO)[O-])=O)[H])C)CCC(=O)N)O[H];T29-T32
CON=C1/CN(CC1CN)C1=NC2=C(C=C1F)C(=O)C(=CN2C1CC1)C(O)=O;P20-P29
CC[C@H]1OC(=O)[C@H](C)[C@@H](O[C@H]2C[C@@](C)(OC)[C@@H](O)[C@H](C)O2)[C@H](C)[C@@H](O[C@@H]2O[C@H](C)C[C@@H]([C@H]2O)N(C)C)[C@](C)(O)C[C@@H](C)C(=O)[C@H](C)[C@@H](O)[C@]1(C)O;J09-J18
CC(C)C1=NC(=NC(C2=CC=C(F)C=C2)=C1C=C[C@@H](O)C[C@@H](O)CC(=O)O)N(C)S(C)(=O)=O;I95-I99
[H][C@]12[C@H](C[C@@H](C)C=C1C=C[C@H](C)[C@@H]2CC[C@@H]1C[C@@H](O)CC(=O)O1)OC(=O)[C@@H](C)CC;I26-I28
[H][C@]12SC(C)(C)[C@@H](N1C(=O)[C@H]2NC(=O)C1=C(C)ON=C1C1=CC=CC=C1)C(O)=O;P20-P29
[Cl-].[Cl-].[Sn+4].CCC1=C2[N-]C(C=C3/N=C(/C=C4[N-]C(=C/C5=N/C(=C2)/C(C)=C5CC)C(C)=C4CCC(O)=O)C(CCC(O)=O)=C3C)=C1C;P50-P61
CN(C)C(=N)NC(N)=N;E65-E68
CC[C@H]1OC(=O)[C@H](C)[C@@H](O[C@H]2C[C@@](C)(OC)[C@@H](O)[C@H](C)O2)[C@H](C)[C@@H](O[C@@H]2O[C@H](C)C[C@@H]([C@H]2O)N(C)C)[C@](C)(O)C[C@@H](C)CN(C)[C@H](C)[C@@H](O)[C@]1(C)O;A15-A19
CCC(=C(CC)C1=CC=C(O)C=C1)C1=CC=C(O)C=C1;C60-C63
C1CC2=C(CO1)C1=C(NC(=N1)C1=NOC=C1)C=N2;F30-F39
CC1=CC(NS(=O)(=O)C2=CC=C(N)C=C2)=NO1;J40-J47
CC(C)[C@@H](C)C=C[C@@H](C)[C@@]1([H])CC[C@@]2([H])C(CCC[C@]12C)=CC=C1C[C@@H](O)CCC1=C;P70-P74
FC(F)OC1=C(OCC2CC2)C=C(C=C1)C(=O)NC1=C(Cl)C=NC=C1Cl;J40-J47
[H][C@@]12CC[C@]3(C)[C@]([H])(CC=C4[C@]5([H])[C@@H](C)[C@H](C)CC[C@@]5(CC[C@@]34C)C(=O)O[C@@H]3O[C@H](CO[C@@H]4O[C@H](CO)[C@@H](O[C@@H]5O[C@@H](C)[C@H](O)[C@@H](O)[C@H]5O)[C@H](O)[C@H]4O)[C@@H](O)[C@H](O)[C@H]3O)[C@@]1(C)C[C@@H](O)[C@H](O)[C@@]2(C)CO;S60-S69
CCC(=C(CC)C1=CC=C(O)C=C1)C1=CC=C(O)C=C1;C40-C41
COC1=C(OCC(O)COC(N)=O)C=CC=C1;M60-M63
[H][C@@]12CC[C@](O)(C(C)=O)[C@@]1(C)C[C@H](O)[C@@]1(F)[C@@]2([H])C[C@H](C)C2=CC(=O)C=C[C@]12C;H40-H42
[H][C@@]12CC[C@H](C(C)=O)[C@@]1(C)C[C@H](O)[C@@]1([H])[C@@]2([H])C[C@H](C)C2=CC(=O)CC[C@]12C;H25-H28
C(N1C2=CC=CC=C2N=C1N1CCNCC1)C1=CC=CC=C1;C45-C49
OC(=O)CC(O)=O;G30-G32
[H][C@@]12CC[C@](O)(C(C)=O)[C@@]1(C)C[C@H](O)[C@@]1(F)[C@@]2([H])C[C@H](C)C2=CC(=O)C=C[C@]12C;H55-H59
C(C=CC1=CC=CC=C1)N1CCN(CC1)C(C1=CC=CC=C1)C1=CC=CC=C1;H80-H83
[H][C@@]12C[C@@]3([H])[C@]4([H])CCC5=CC(=O)C=C[C@]5(C)[C@@]4(F)[C@@H](O)C[C@]3(C)[C@@]1(OC1(CCCC1)O2)C(=O)COC(C)=O;M00-M03
[H][C@@]12C[C@@H](C)[C@](OC(=O)C3=CC=CO3)(C(=O)SCF)[C@@]1(C)C[C@H](O)[C@@]1(F)[C@@]2([H])C[C@H](F)C2=CC(=O)C=C[C@]12C;J40-J47
CC1=NOC(CCCOC2=C(C)C=C(C=C2C)C2=NOC(=N2)C(F)(F)F)=C1;G00-G09
NC1=CC=C(C=C1)S(N)(=O)=O;B35-B49
CCCCC1=NC2(CCCC2)C(=O)N1CC1=CC=C(C=C1)C1=CC=CC=C1C1=NNN=N1;R80-R82
ClCCC(=O)NCC1=CC=CC=C1;F70-F79
[H][C@@]12C[C@@H](C)[C@H](C(=O)CO)[C@@]1(C)C[C@H](O)[C@@]1(F)[C@@]2([H])CCC2=CC(=O)C=C[C@]12C;M20-M25
CC[C@H]1OC(=O)[C@H](C)[C@@H](O[C@H]2C[C@@](C)(OC)[C@@H](O)[C@H](C)O2)[C@H](C)[C@@H](O[C@@H]2O[C@H](C)C[C@@H]([C@H]2O)N(C)C)[C@](C)(O)C[C@@H](C)CN(C)[C@H](C)[C@@H](O)[C@]1(C)O;A00-A09
[H][C@@]12CC[C@]3(C)[C@]([H])(CC=C4[C@]5([H])[C@@H](C)[C@H](C)CC[C@@]5(CC[C@@]34C)C(=O)O[C@@H]3O[C@H](CO[C@@H]4O[C@H](CO)[C@@H](O[C@@H]5O[C@@H](C)[C@H](O)[C@@H](O)[C@H]5O)[C@H](O)[C@H]4O)[C@@H](O)[C@H](O)[C@H]3O)[C@@]1(C)C[C@@H](O)[C@H](O)[C@@]2(C)CO;T00-T07
CCC1(C)OC(=O)N(C)C1=O;Q00-Q07
[H][C@]12C[C@@]3([H])[C@H](N(C)C)C(O)=C(C(N)=O)C(=O)[C@@]3(O)C(O)=C1C(=O)C1=C([C@H]2O)C(Cl)=CC=C1O;J40-J47
NC(=O)C1=NN(C=N1)[C@@H]1O[C@H](CO)[C@@H](O)[C@H]1O;J40-J47
CN1C=C(C=N1)C1=C2C=NNC(=O)C3=C2C(N1)=CC(NC(=O)[C@H](N)C1CCCCC1)=C3;C40-C41
[H][C@@]12CC[C@](O)(C(C)=O)[C@@]1(C)C[C@H](O)[C@@]1(F)[C@@]2([H])C[C@H](C)C2=CC(=O)C=C[C@]12C;H10-H13
O.O.O.O.O.O.O.O.O.[Na+].[Na+].[Na+].[H][C@@]1(O[Sb]2(O)(O[Sb]34([O-])O[C@@H](C([O-])=O)[C@@]([H])(O3)[C@]([H])(O4)[C@H](O)CO)O[C@@H](C([O-])=O)[C@@]1([H])O2)[C@H](O)CO;C51-C58
[H][C@@]1(CCN(CC2=C(C=C(C=C2)C(O)=NC2=CC(NC3=NC=CC(=N3)C3=CN=CN=C3)=C(C)C=C2)C(F)(F)F)C1)N(C)C;M60-M79
OC1=C(O)C=C(CCNCCCCCCNCCC2=CC=CC=C2)C=C1;C00-C14
[H][C@@]12CC[C@](O)(C(=O)CO)[C@@]1(C)CC(=O)[C@@]1([H])[C@@]2([H])CCC2=CC(=O)C=C[C@]12C;I80-I89
COC1=C(C=CC(N)=C1Cl)C(=O)NC1CCN2CCCC1C2;K55-K64
[H][C@@]12CC[C@H](O)[C@@]1(C)CC[C@]1([H])C3=C(CC[C@@]21[H])C=C(O)C=C3;N40-N51
NC(=O)NO;D55-D59
CC(O)=O.CC(O)=O.[H][C@@](CO)(N=C(O)[C@]([H])(CC1=CNC2=CC=CC=C12)N=C(O)[C@]([H])(CC1=CN=CN1)N=C(O)[C@]1([H])CCC(O)=N1)C(O)=N[C@@]([H])(CC1=CC=C(O)C=C1)C(O)=N[C@]([H])(CC1=CN(CC2=CC=CC=C2)C=N1)C(O)=N[C@@]([H])(CC(C)C)C(O)=N[C@@]([H])(CCCNC(N)=N)C(=O)N1CCC[C@@]1([H])C(O)=NCC;E70-E90
[H][C@]12[C@H](C[C@@H](C)C=C1C=C[C@H](C)[C@@H]2CC[C@@H]1C[C@@H](O)CC(=O)O1)OC(=O)C(C)(C)CC;S00-S09
NC(=O)NC1NC(=O)NC1=O;S20-S29
CCN(CC)CCNC(=O)C1=CC=C(N)C=C1;I30-I52
CCN(CC)C(=S)SSC(=S)N(CC)CC;F40-F48
[H][C@]12SCC(CSC3=NN=NN3C)=C(N1C(=O)[C@H]2NC(=O)C(=N/OC)C1=CSC(N)=N1)C(O)=O;A80-A89
C1CC2=C(CO1)C1=C(NC(=N1)C1=NOC=C1)C=N2;F70-F79
[H][C@@]12CC[C@](O)(C(C)=O)[C@@]1(C)C[C@H](O)[C@@]1(F)[C@@]2([H])C[C@H](C)C2=CC(=O)C=C[C@]12C;H25-H28
[H][C@]12SCC(CSC3=NN=NN3C)=C(N1C(=O)[C@]2(NC(=O)CSCC#N)OC)C(O)=O;B85-B89
CC(=O)N1CCN(CC1)C1=CC=C(OCC2COC(CN3C=CN=C3)(O2)C2=CC=C(Cl)C=C2Cl)C=C1;L20-L30
CC[C@H](C)[C@H](N)C1=N[C@@H](CS1)C(=O)N[C@@H](CC(C)C)C(=O)N[C@H](CCC(O)=O)C(=O)N[C@@H]([C@@H](C)CC)C(=O)N[C@H]1CCCCNC(=O)[C@H](CC(N)=O)NC(=O)[C@@H](CC(O)=O)NC(=O)[C@H](CC2=CNC=N2)NC(=O)[C@@H](CC2=CC=CC=C2)NC(=O)[C@@H](NC(=O)[C@@H](CCCN)NC1=O)[C@@H](C)CC;L60-L75
[H][C@@]12C[C@@]3([H])C(C(=O)C4=C(O)C=CC=C4[C@@]3(C)O)=C(O)[C@]1(O)C(=O)C(C(=O)NCNCCCC[C@H](N)C(O)=O)=C(O)[C@H]2N(C)C;A30-A49
[H][C@@]1(CCN(CC2=C(C=C(C=C2)C(O)=NC2=CC(NC3=NC=CC(=N3)C3=CN=CN=C3)=C(C)C=C2)C(F)(F)F)C1)N(C)C;M80-M94
CNCCC(OC1=CC=C(C=C1)C(F)(F)F)C1=CC=CC=C1;M70-M79
ClCCC(=O)NCC1=CC=CC=C1;F90-F98
CC[C@H]1OC(=O)[C@H](C)[C@@H](O[C@H]2C[C@@](C)(OC)[C@@H](O)[C@H](C)O2)[C@H](C)[C@@H](O[C@@H]2O[C@H](C)C[C@@H]([C@H]2O)N(C)C)[C@](C)(O)C[C@@H](C)CN(C)[C@H](C)[C@@H](O)[C@]1(C)O;A80-A89
C1CC2=C(CO1)C1=C(NC(=N1)C1=NOC=C1)C=N2;F80-F89
CNC[C@H](O)C1=CC(O)=CC=C1;O80-O84
CCCN1C(=O)N(CC)C2=C(NC(=N2)C2=CN(CC3=CC=CC(=C3)C(F)(F)F)N=C2)C1=O;J40-J47
NC1=NC(=O)C2=C(NCC(CNC3=CC=C(C=C3)C(=O)N[C@@H](CCC(O)=O)C(O)=O)N2)N1;E40-E46
CS(=O)(=O)NC1=CC2=C(OC3=C2C(=CC=C3OC(F)F)C(=O)NC2=C(Cl)C=NC=C2Cl)C=C1;J40-J47
CC[C@H](C)[C@@H]1NC(=O)[C@H](Cc2ccc(O)cc2)NC(=O)[C@@H](N)CSSC[C@H](NC(=O)[C@H](CC(=O)N)NC(=O)[C@H](CCC(=O)N)NC1=O)C(=O)N3CCC[C@H]3C(=O)N[C@@H](CC(C)C)C(=O)NCC(=O)N;F80-F89
ClC1=CC2=C(C=C1)N(C1CCN(CCCN3C(=O)NC4=CC=CC=C34)CC1)C(=O)N2;Q38-Q45
CC(C)[C@H](N)C(=O)N1CCC[C@H]1B(O)O;D80-D89
NC(=O)NC1NC(=O)NC1=O;S60-S69
COC1=CC2=C(C=C1OCCCN1CCCC1)N=CN=C2OC1=C(F)C2=C(NC(C)=C2)C=C1;C73-C75
[H][C@]12SCC(CSC3=NN=NN3C)=C(N1C(=O)[C@]2(NC(=O)CSCC#N)OC)C(O)=O;B99-B99
CN(C)CCC=C1C2=CC=CC=C2COC2=C1C=C(CC(O)=O)C=C2;H53-H54
CC(O)=O.CC(O)=O.[H][C@@](CO)(N=C(O)[C@]([H])(CC1=CNC2=CC=CC=C12)N=C(O)[C@]([H])(CC1=CN=CN1)N=C(O)[C@]1([H])CCC(O)=N1)C(O)=N[C@@]([H])(CC1=CC=C(O)C=C1)C(O)=N[C@]([H])(CC1=CN(CC2=CC=CC=C2)C=N1)C(O)=N[C@@]([H])(CC(C)C)C(O)=N[C@@]([H])(CCCNC(N)=N)C(=O)N1CCC[C@@]1([H])C(O)=NCC;N80-N98
OC(=O)CC1=CC(I)=C(OC2=CC=C(O)C(I)=C2)C(I)=C1;T08-T14
[H][C@@]12CC[C@H](C(C)=O)[C@@]1(C)C[C@H](O)[C@@]1([H])[C@@]2([H])C[C@H](C)C2=CC(=O)CC[C@]12C;H43-H45
CN1C=NC(=C1SC1=NC=NC2=C1NC=N2)[N+]([O-])=O;K50-K52
[H][C@@]12CC[C@](O)(C(C)=O)[C@@]1(C)C[C@H](O)[C@@]1(F)[C@@]2([H])C[C@H](C)C2=CC(=O)C=C[C@]12C;H65-H75
[H][C@@]12CC[C@H](C(C)=O)[C@@]1(C)C[C@H](O)[C@@]1([H])[C@@]2([H])C[C@H](C)C2=CC(=O)CC[C@]12C;H55-H59
NC1=CC=C(C=C1)S(N)(=O)=O;B95-B98
CC(C)C1=NC(=NC(C2=CC=C(F)C=C2)=C1C=C[C@@H](O)C[C@@H](O)CC(=O)O)N(C)S(C)(=O)=O;I26-I28
C[C@H]1OC(OC2CC(O)C(C(O)CC(=O)CC(O)C(O)CCC(O)CC(O)CC(O)CC(=O)OC(C)C(C)C(O)C(C)C=CC=CCCC=CC=CC=CC=C2)C(O)=O)[C@@H](O)[C@@H](N)[C@@H]1O;L10-L14
COC1=CC2=C(C=C1OCCCN1CCCC1)N=CN=C2OC1=C(F)C2=C(NC(C)=C2)C=C1;C40-C41
[H][C@@]12CC[C@](O)(C(C)=O)[C@@]1(C)C[C@H](O)[C@@]1(F)[C@@]2([H])C[C@H](C)C2=CC(=O)C=C[C@]12C;H49-H52
[H][C@@]12CC[C@H](C(C)=O)[C@@]1(C)C[C@H](O)[C@@]1([H])[C@@]2([H])C[C@H](C)C2=CC(=O)CC[C@]12C;H40-H42
CC(=O)NS(=O)(=O)C1=CC=C(N)C=C1;H60-H62
[H][C@@]12CC[C@](O)(C(=O)CO)[C@@]1(C)C[C@H](O)[C@@]1([H])[C@@]2([H])CCC2=CC(=O)C=C[C@]12C;M30-M36
[H][C@@]12C[C@@H](C)[C@](O)(C(=O)CO)[C@@]1(C)C[C@H](O)[C@@]1(F)[C@@]2([H])CCC2=CC(=O)C=C[C@]12C;H90-H95
CCC(C)CCCCC(=O)NC(CCN)C(=O)NC(C(C)O)C(=O)NC(CCN)C(=O)NC1CCNC(=O)C(NC(=O)C(CCN)NC(=O)C(CCN)NC(=O)C(CC(C)C)NC(=O)C(CC2=CC=CC=C2)NC(=O)C(CCN)NC1=O)C(C)O;J95-J99
OC[C@@H](O)[C@@H](O)[C@H](O)[C@H](O)CO;J40-J47
[H]C(=C([H])C1=CC=C(CNCCC2=C(C)NC3=CC=CC=C23)C=C1)C(O)=NO;P50-P61
[H][C@@]12CCCN1C(=O)[C@H](NC(=O)[C@@H](NC(=O)C1=C3N=C4C(OC3=C(C)C=C1)=C(C)C(=O)C(N)=C4C(=O)N[C@H]1[C@@H](C)OC(=O)[C@H](C(C)C)N(C)C(=O)CN(C)C(=O)[C@]3([H])CCCN3C(=O)[C@H](NC1=O)C(C)C)[C@@H](C)OC(=O)[C@H](C(C)C)N(C)C(=O)CN(C)C2=O)C(C)C;C76-C80
[H][C@@]12C[C@@]3([H])C(C(=O)C4=C(O)C=CC=C4[C@@]3(C)O)=C(O)[C@]1(O)C(=O)C(C(=O)NCNCCCC[C@H](N)C(O)=O)=C(O)[C@H]2N(C)C;B25-B34
CC(C)C1=NC(=NC(C2=CC=C(F)C=C2)=C1C=C[C@@H](O)C[C@@H](O)CC(=O)O)N(C)S(C)(=O)=O;F50-F59
[H][C@@]12CC[C@]3(C)[C@]([H])(CC=C4[C@]5([H])[C@@H](C)[C@H](C)CC[C@@]5(CC[C@@]34C)C(=O)O[C@@H]3O[C@H](CO[C@@H]4O[C@H](CO)[C@@H](O[C@@H]5O[C@@H](C)[C@H](O)[C@@H](O)[C@H]5O)[C@H](O)[C@H]4O)[C@@H](O)[C@H](O)[C@H]3O)[C@@]1(C)C[C@@H](O)[C@H](O)[C@@]2(C)CO;S10-S19
C[C@H]1OC(OC2CC(O)C(C(O)CC(=O)CC(O)C(O)CCC(O)CC(O)CC(O)CC(=O)OC(C)C(C)C(O)C(C)C=CC=CCCC=CC=CC=CC=C2)C(O)=O)[C@@H](O)[C@@H](N)[C@@H]1O;L40-L45
NC1=CC=C(C=C1)S(N)(=O)=O;B15-B19
ClC1=CC2=C(C=C1)C(=CC=N2)N1CCN(CCCN2CCN(CC2)C2=CC=NC3=C2C=CC(Cl)=C3)CC1;O60-O75
NC(=O)NC1NC(=O)NC1=O;T79-T79
CCOC1=C(OCC)C=C(C=C1)C1=NC(=CS1)C1=NC(=CC=C1)C(O)=O;J40-J47
CCOC(=O)C=C[C@H](C[C@@H]1CCNC1=O)NC(=O)[C@@H](CC(=O)[C@H](C(C)C)NC(=O)C1=NOC(C)=C1)CC1=CC=C(F)C=C1;P35-P39
CN1C2=C(C3=CC=CC=C13)C(=O)N(CC1=C(C)NC=N1)CC2;K55-K64
[H][C@@](C)(CCC(O)=O)[C@@]1([H])CC[C@@]2([H])[C@]3([H])[C@]([H])(O)[C@]([H])(CC)[C@]4([H])C[C@]([H])(O)CC[C@]4(C)[C@@]3([H])CC[C@]12C;K40-K46
[H][C@]12SC(C)(C)[C@@H](N1C(=O)[C@H]2NC(=O)[C@H](N)C1=CC=C(O)C=C1)C(O)=O;N30-N39
CCCC1=NN(C)C2=C1NC(=NC2=O)C1=C(OCC)C=CC(=C1)S(=O)(=O)N1CCN(C)CC1;I26-I28
CC[C@@]1(O)C(=O)OCC2=C1C=C1N(CC3=CC4=CC=CC=C4N=C13)C2=O;D37-D48
[H][C@]12SCC(COC(N)=O)=C(N1C(=O)[C@H]2NC(=O)C(=N/OC)C1=CC=CO1)C(O)=O;J40-J47
CCN(CCO)CCN1C(CC2=CC=CC=C2)=NC2=C1C(=O)N(C)C(=O)N2C;J40-J47
CN1C=C(C=N1)C1=C2C=NNC(=O)C3=C2C(N1)=CC(NC(=O)[C@H](N)C1CCCCC1)=C3;C51-C58
O.O.O.O.O.O.O.O.O.[Na+].[Na+].[Na+].[H][C@@]1(O[Sb]2(O)(O[Sb]34([O-])O[C@@H](C([O-])=O)[C@@]([H])(O3)[C@]([H])(O4)[C@H](O)CO)O[C@@H](C([O-])=O)[C@@]1([H])O2)[C@H](O)CO;C64-C68
[H][C@](O)(CNCCCCCCOCCOCC1=C(Cl)C=CC=C1Cl)C1=CC(CO)=C(O)C=C1;J40-J47
NCC1(CC(O)=O)CCCCC1;G90-G99
CC1=NC=C(N1CCO)[N+]([O-])=O;N70-N77
NC1=NC(=O)N(C=C1F)[C@@H]1CS[C@H](CO)O1;E00-E07
[H][C@]12SCC(CSC3=NN=NN3C)=C(N1C(=O)[C@H]2NC(=O)C(=N/OC)C1=CSC(N)=N1)C(O)=O;B35-B49
COC1=CC2=C(C=C1OCCCN1CCCC1)N=CN=C2OC1=C(F)C2=C(NC(C)=C2)C=C1;C69-C72
COC1=NC=CN=C1NS(=O)(=O)C1=CC=C(N)C=C1;N30-N39
CC(CN1CCCCC1)C(=O)C1=CC=C(C)C=C1;M60-M63
[H]C(=C([H])C1=CC=C(CNCCC2=C(C)NC3=CC=CC=C23)C=C1)C(O)=NO;D70-D77
[H][C@@]12CC3=C(C=C(NC(=O)CNC(C)(C)C)C(O)=C3C(=O)C1=C(O)[C@]1(O)C(=O)C(C(N)=O)=C(O)[C@@H](N(C)C)[C@]1([H])C2)N(C)C;L40-L45
C[C@@H]1CCN([C@H](C1)C(O)=O)C(=O)[C@H](CCCNC(N)=N)NS(=O)(=O)C1=CC=CC2=C1NCC(C)C2;I80-I89
C[C@H]1COC2=C3N1C=C(C(O)=O)C(=O)C3=CC(F)=C2N1CCN(C)CC1;J09-J18
OC1=C(O)C=C(CCNCCCCCCNCCC2=CC=CC=C2)C=C1;I30-I52
CN1CCN(CC2=CC=C(C=C2)C(=O)NC2=CC(NC3=NC=CC(=N3)C3=CN=CC=C3)=C(C)C=C2)CC1;S00-S09
CC(C[N+](C)(C)C)OC(C)=O;J40-J47
[H][C@@]1(C[C@@](C)(OC)[C@@H](O)[C@H](C)O1)O[C@H]1[C@H](C)[C@@H](O[C@]2([H])O[C@H](C)C[C@@H]([C@H]2O)N(C)C)[C@@](C)(C[C@@H](C)C(=O)[C@H](C)[C@@H](O)[C@](C)(O)[C@@H](CC)OC(=O)[C@@H]1C)OC;J40-J47
CC1=CC=C(C=C1)C12CC1CNC2;M50-M54
NC(=O)NC1NC(=O)NC1=O;T33-T35
CC(=O)NS(=O)(=O)C1=CC=C(N)C=C1;H65-H75
CC(=O)N1CCN(CC1)C1=CC=C(OCC2COC(CN3C=CN=C3)(O2)C2=CC=C(Cl)C=C2Cl)C=C1;D00-D09
COC1=C(OC)C=C2C3CC(=O)C(CC(C)C)CN3CCC2=C1;G20-G26
OC(=O)C=C/C(O)=O.CN(C)CC[C@@H](C1=CC=C(Cl)C=C1)C1=CC=CC=N1;L50-L54
ClCCC(=O)NCC1=CC=CC=C1;F99-F99
[H][C@@]12C[C@@]3([H])C(C(=O)C4=C(O)C=CC=C4[C@@]3(C)O)=C(O)[C@]1(O)C(=O)C(C(=O)NCNCCCC[C@H](N)C(O)=O)=C(O)[C@H]2N(C)C;B90-B94
[H][C@@]12CC[C@H](C(C)=O)[C@@]1(C)C[C@H](O)[C@@]1([H])[C@@]2([H])C[C@H](C)C2=CC(=O)CC[C@]12C;H46-H48
OC(=O)CNC(=O)C1=C(O)C2=CC=CC=C2C(Cl)=N1;D60-D64
C1CC2=C(CO1)C1=C(NC(=N1)C1=NOC=C1)C=N2;F10-F19
C[C@H]1COC2=C3N1C=C(C(O)=O)C(=O)C3=CC(F)=C2N1CCN(C)CC1;L80-L99
CC(C)CC1=CC=C(C=C1)C(C)C(O)=NO;J80-J84
CC(C)[C@H](NC(=O)N(C)CC1=CSC(=N1)C(C)C)C(=O)N[C@H](C[C@H](O)[C@H](CC1=CC=CC=C1)NC(=O)OCC1=CN=CS1)CC1=CC=CC=C1;J00-J06
CC[C@H]1OC(=O)[C@H](C)[C@@H](O[C@H]2C[C@@](C)(OC)[C@@H](O)[C@H](C)O2)[C@H](C)[C@@H](O[C@@H]2O[C@H](C)C[C@@H]([C@H]2O)N(C)C)[C@](C)(O)C[C@@H](C)CN(C)[C@H](C)[C@@H](O)[C@]1(C)O;A75-A79
[H][C@]1(C[C@@H]2CC[N@]1C[C@@H]2C=C)[C@H](O)C1=CC=NC2=CC=C(OC)C=C12;I20-I25
O[C@H]1CCN2Cc3ccccc3N=C12;O60-O75
[H][C@@]12CC(=O)N1[C@@H](C(O)=O)[C@](C)(CN1C=CN=N1)S2(=O)=O;L00-L08
[H][C@]12SC(C)(C)[C@@H](N1C(=O)[C@H]2NC(=O)[C@H](N)C1=CC=C(O)C=C1)C(O)=O;P20-P29
CC(C)CN1C=NC2=C1C1=CC=CC=C1N=C2N;C43-C44
[H][C@]12SCC(CSC3=NN=NN3C)=C(N1C(=O)[C@H]2NC(=O)C(=N/OC)C1=CSC(N)=N1)C(O)=O;B25-B34
CCC(=C(CC)C1=CC=C(O)C=C1)C1=CC=C(O)C=C1;C81-C96
CCC(=O)OCC(=O)[C@@]1(OC(=O)CC)[C@@H](C)C[C@H]2[C@@H]3CCC4=CC(=O)C=C[C@]4(C)[C@@]3(F)[C@@H](O)C[C@]12C;I70-I79
CN[C@@H](C)[C@H](O)C1=CC=CC=C1;J40-J47
CC(C)C[C@H](NC(=O)C1=CC2=CC=CC=C2O1)C(=O)N[C@H]1CC[C@@H](C)N(CC1=O)S(=O)(=O)C1=CC=CC=N1;M80-M85
NCCCCCC(O)(P(O)(O)=O)P(O)(O)=O;M91-M94
NC1=NC(=O)C2=C(NC[C@H](CNC3=CC=C(C=C3)C(=O)N[C@@H](CCC(O)=O)C(O)=O)N2C=O)N1;D50-D53
ClCCC(=O)NCC1=CC=CC=C1;F60-F69
CC[N+](C)(CC)CCOC(=O)C(O)(C1CCCCC1)C1=CC=CC=C1;R25-R29
[H][C@@](O)(CO)[C@@]([H])(O)[C@]([H])(O)[C@]([H])(C=O)N=C(O)C1=C(I)C(N=C(C)O)=C(I)C(N(C)C(C)=O)=C1I;G70-G73
CC(C(O)=O)C1=CC(=CC=C1)C(=O)C1=CC=CC=C1;G60-G64
CN1C=C(C=N1)C1=C2C=NNC(=O)C3=C2C(N1)=CC(NC(=O)[C@H](N)C1CCCCC1)=C3;C69-C72
N[C@@H](CC1=CC(I)=C(OC2=CC(I)=C(O)C(I)=C2)C(I)=C1)C(O)=O;E00-E07
ClCCN(CCCl)P1(=O)NCCCO1;M30-M36
CCC(=C(CC)C1=CC=C(O)C=C1)C1=CC=C(O)C=C1;C30-C39
CC1CC(CC(C)(C)C1)OC(=O)C(O)C1=CC=CC=C1;F00-F09
[H][C@]12[C@H](C[C@@H](C)C=C1C=C[C@H](C)[C@@H]2CC[C@@H]1C[C@@H](O)CC(=O)O1)OC(=O)C(C)(C)CC;I26-I28
ClC1=CC2=C(C=C1)C(=CC=N2)N1CCN(CCCN2CCN(CC2)C2=CC=NC3=C2C=CC(Cl)=C3)CC1;O30-O48
N[Pt](N)(Cl)Cl;D00-D09
CN1CCN(CC2=CC=C(C=C2)C(=O)NC2=CC(NC3=NC=CC(=N3)C3=CN=CC=C3)=C(C)C=C2)CC1;S40-S49
CN(C)CCC=C1C2=CC=CC=C2COC2=C1C=C(CC(O)=O)C=C2;H40-H42
NC1=NC(=O)C2=C(NC[C@H](CNC3=CC=C(C=C3)C(=O)N[C@@H](CCC(O)=O)C(O)=O)N2C=O)N1;D55-D59
CC[C@H]1OC(=O)[C@H](C)[C@@H](O[C@H]2C[C@@](C)(OC)[C@@H](O)[C@H](C)O2)[C@H](C)[C@@H](O[C@@H]2O[C@H](C)C[C@@H]([C@H]2O)N(C)C)[C@](C)(O)C[C@@H](C)CN(C)[C@H](C)[C@@H](O)[C@]1(C)O;B35-B49
CCCN1CCCC[C@H]1C(=O)NC1=C(C)C=CC=C1C;O30-O48
[H][C@]12SC(C)(C)[C@@H](N1C(=O)[C@H]2NC(=O)[C@H](N)C1=CC=C(O)C=C1)C(O)=O;J40-J47
CC[C@H](C)[C@H](N)C1=N[C@@H](CS1)C(=O)N[C@@H](CC(C)C)C(=O)N[C@H](CCC(O)=O)C(=O)N[C@@H]([C@@H](C)CC)C(=O)N[C@H]1CCCCNC(=O)[C@H](CC(N)=O)NC(=O)[C@@H](CC(O)=O)NC(=O)[C@H](CC2=CNC=N2)NC(=O)[C@@H](CC2=CC=CC=C2)NC(=O)[C@@H](NC(=O)[C@@H](CCCN)NC1=O)[C@@H](C)CC;L55-L59
C(N1C2=CC=CC=C2N=C1N1CCNCC1)C1=CC=CC=C1;C43-C44
CCCN1CCCC[C@H]1C(=O)NC1=C(C)C=CC=C1C;O10-O16
[H][C@@]12C[C@@]3([H])C(C(=O)C4=C(O)C=CC=C4[C@@]3(C)O)=C(O)[C@]1(O)C(=O)C(C(=O)NCNCCCC[C@H](N)C(O)=O)=C(O)[C@H]2N(C)C;A65-A69
[H][C@]1(CNCCO1)[C@@](O)(CC1=C(OC)C=CC(F)=C1)C1CCOCC1;F90-F98
CN1C=C(C=N1)C1=C2C=NNC(=O)C3=C2C(N1)=CC(NC(=O)[C@H](N)C1CCCCC1)=C3;C45-C49
[H][C@]12[C@H](C[C@@H](C)C=C1C=C[C@H](C)[C@@H]2CC[C@@H]1C[C@@H](O)CC(=O)O1)OC(=O)[C@@H](C)CC;I60-I69
CC[C@H]1OC(=O)[C@H](C)[C@@H](O[C@H]2C[C@@](C)(OC)[C@@H](O)[C@H](C)O2)[C@H](C)[C@@H](O[C@@H]2O[C@H](C)C[C@@H]([C@H]2O)N(C)C)[C@](C)(O)C[C@@H](C)CN(C)[C@H](C)[C@@H](O)[C@]1(C)O;B85-B89
CC(C)NCC(O)COC1=CC=C(CC(N)=O)C=C1;Q80-Q89
CC[C@H]1OC(=O)[C@H](C)[C@@H](O[C@H]2C[C@@](C)(OC)[C@@H](O)[C@H](C)O2)[C@H](C)[C@@H](O[C@@H]2O[C@H](C)C[C@@H]([C@H]2O)N(C)C)[C@](C)(O)C[C@@H](C)CN(C)[C@H](C)[C@@H](O)[C@]1(C)O;B65-B83
C1CC2=C(CO1)C1=C(NC(=N1)C1=NOC=C1)C=N2;F40-F48
[H][C@@]12CC[C@](O)(C(=O)CO)[C@@]1(C)C[C@H](O)[C@@]1([H])[C@@]2([H])CCC2=CC(=O)C=C[C@]12C;N20-N23
CCCNCC(O)COC1=C(C=CC=C1)C(=O)CCC1=CC=CC=C1;R00-R09
NCC1(CC(O)=O)CCCCC1;G60-G64
ClCCN(CCCl)P1(=O)NCCCO1;I80-I89
[H][C@@]12C[C@@]3([H])C(C(=O)C4=C(O)C=CC=C4[C@@]3(C)O)=C(O)[C@]1(O)C(=O)C(C(=O)NCNCCCC[C@H](N)C(O)=O)=C(O)[C@H]2N(C)C;B20-B24
[C@H]1([C@@H]2[C@H]([C@@H](N3C4=CC(=C(C)C=C4[N+]([Co-3]456(N7C8=C(C9=[N+]4C(C([C@@H]9CCC(N)=O)(C)C)=CC4=[N+]5C(=C(C5=[N+]6[C@@]([C@]7([C@@H]([C@@]8(C)CCC(=O)NC[C@@]([H])(C)OP([O-])(=O)O2)CC(N)=O)[H])([C@@]([C@@H]5CCC(N)=O)(C)CC(N)=O)C)C)[C@@]([C@@H]4CCC(N)=O)(C)CC(N)=O)C)C#N)=C3)C)O1)O)CO;D50-D53
OC(=O)CC(O)=O;F20-F29
COC1=C(OC)C=C(CC2=NC=CC3=CC(OC)=C(OC)C=C23)C=C1;R25-R29
C[C@H]1OC(OC2CC(O)C(C(O)CC(=O)CC(O)C(O)CCC(O)CC(O)CC(O)CC(=O)OC(C)C(C)C(O)C(C)C=CC=CCCC=CC=CC=CC=C2)C(O)=O)[C@@H](O)[C@@H](N)[C@@H]1O;L00-L08
C(N1C2=CC=CC=C2N=C1N1CCNCC1)C1=CC=CC=C1;C64-C68
CC(=O)OCC[N+](C)(C)C;Q10-Q18
NC1=NC(=O)N(C=C1)[C@@H]1CS[C@H](CO)O1;O94-O99
[O--].[O--].[O--].[Na+].[Fe+3].[Fe+3].OC[C@@H](O)[C@@H](O)[C@H](O)[C@@H](O)C([O-])=O.OC[C@H]1O[C@@](CO)(O[C@H]2O[C@H](CO)[C@@H](O)[C@H](O)[C@H]2O)[C@@H](O)[C@@H]1O.OC[C@H]1O[C@@](CO)(O[C@H]2O[C@H](CO)[C@@H](O)[C@H](O)[C@H]2O)[C@@H](O)[C@@H]1O.OC[C@H]1O[C@@](CO)(O[C@H]2O[C@H](CO)[C@@H](O)[C@H](O)[C@H]2O)[C@@H](O)[C@@H]1O.OC[C@H]1O[C@@](CO)(O[C@H]2O[C@H](CO)[C@@H](O)[C@H](O)[C@H]2O)[C@@H](O)[C@@H]1O.OC[C@H]1O[C@@](CO)(O[C@H]2O[C@H](CO)[C@@H](O)[C@H](O)[C@H]2O)[C@@H](O)[C@@H]1O;D50-D53
CC(C)[C@H](N1CCCNC1=O)C(=O)N[C@H](C[C@H](O)[C@H](CC1=CC=CC=C1)NC(=O)COC1=C(C)C=CC=C1C)CC1=CC=CC=C1;E70-E90
CN1C=C(C=N1)C1=C2C=NNC(=O)C3=C2C(N1)=CC(NC(=O)[C@H](N)C1CCCCC1)=C3;C73-C75
CC[C@H](C)[C@H](N)C1=N[C@@H](CS1)C(=O)N[C@@H](CC(C)C)C(=O)N[C@H](CCC(O)=O)C(=O)N[C@@H]([C@@H](C)CC)C(=O)N[C@H]1CCCCNC(=O)[C@H](CC(N)=O)NC(=O)[C@@H](CC(O)=O)NC(=O)[C@H](CC2=CNC=N2)NC(=O)[C@@H](CC2=CC=CC=C2)NC(=O)[C@@H](NC(=O)[C@@H](CCCN)NC1=O)[C@@H](C)CC;R20-R23
CN(C)C(=N)NC(N)=N;E20-E35
[H][C@@]12CC[C@]3(C)[C@]([H])(CC=C4[C@]5([H])[C@@H](C)[C@H](C)CC[C@@]5(CC[C@@]34C)C(=O)O[C@@H]3O[C@H](CO[C@@H]4O[C@H](CO)[C@@H](O[C@@H]5O[C@@H](C)[C@H](O)[C@@H](O)[C@H]5O)[C@H](O)[C@H]4O)[C@@H](O)[C@H](O)[C@H]3O)[C@@]1(C)C[C@@H](O)[C@H](O)[C@@]2(C)CO;T20-T25
CCN1CC(CCN2CCOCC2)C(C1=O)(C1=CC=CC=C1)C1=CC=CC=C1;J60-J70
OC(=O)CC1(CC1)CS[C@H](CCC1=CC=CC=C1C(O)(C)C)C1=CC=CC(C=CC2=NC3=C(C=CC(Cl)=C3)C=C2)=C1;J40-J47
FC1=CNC(=O)NC1=O;C76-C80
CC(C)(C)NCC(O)C1=CC(CO)=C(O)C=C1;J40-J47
CC1=CC=CN2C(=O)C(=CN=C12)C1=NNN=N1;T66-T78
[I-].[I-].[I-].CC[N+](CC)(CC)CCOC1=CC=CC(OCC[N+](CC)(CC)CC)=C1OCC[N+](CC)(CC)CC;M65-M68
[H][C@@]1(CCN(CC2=C(C=C(C=C2)C(O)=NC2=CC(NC3=NC=CC(=N3)C3=CN=CN=C3)=C(C)C=C2)C(F)(F)F)C1)N(C)C;M65-M68
[H][C@@]12CC[C@](O)(C(C)=O)[C@@]1(C)C[C@H](O)[C@@]1(F)[C@@]2([H])C[C@H](C)C2=CC(=O)C=C[C@]12C;H30-H36
O[C@H]1CCN2Cc3ccccc3N=C12;O94-O99
COCC(O)CN(C(C)=O)C1=C(I)C(C(=O)NCC(O)CO)=C(I)C(C(=O)NCC(O)CO)=C1I;N70-N77
O[C@H]1CCN2Cc3ccccc3N=C12;O20-O29
CN(C(=O)CO)C1=C(I)C(C(O)=NCC(O)CO)=C(I)C(C(O)=NCC(O)CO)=C1I;G70-G73
[H][C@@]12CC[C@](O)(C(=O)CO)[C@@]1(C)C[C@H](O)[C@@]1([H])[C@@]2([H])CCC2=CC(=O)C=C[C@]12C;H53-H54
CC1=NOC(CCCOC2=C(C)C=C(C=C2C)C2=NOC(=N2)C(F)(F)F)=C1;P35-P39
CN1CCN(CC2=CC=C(C=C2)C(=O)NC2=CC(NC3=NC=CC(=N3)C3=CN=CC=C3)=C(C)C=C2)CC1;T79-T79
[H][C@@](C)(CCC(O)=O)[C@@]1([H])CC[C@@]2([H])[C@]3([H])[C@]([H])(O)[C@]([H])(CC)[C@]4([H])C[C@]([H])(O)CC[C@]4(C)[C@@]3([H])CC[C@]12C;K65-K67
CC(C)C(=O)C1=C2C=CC=CN2N=C1C(C)C;G90-G99
[H][C@@]12CC[C@@](O)(C#C)[C@@]1(C)CC[C@]1([H])C3=C(CC[C@@]21[H])C=C(OC1CCCC1)C=C3;N80-N98
[H][C@]12[C@H](C[C@@H](C)C=C1C=C[C@H](C)[C@@H]2CC[C@@H]1C[C@@H](O)CC(=O)O1)OC(=O)C(C)(C)CC;G35-G37
NC(=O)NC1NC(=O)NC1=O;S80-S89
FC(F)(F)C(F)(F)C(F)(F)C(F)(F)C(F)(F)C(F)(F)C(F)(F)C(F;T79-T79
CC(C(O)=O)C1=CC=C(S1)C(=O)C1=CC=CC=C1;M45-M49
CCC=C/CC=C/CC=C/CC=C/CC=C/CCCC(O)=O;R70-R79
[H][C@@]12CCC(=O)[C@@]1(C)CC[C@@]1([H])[C@@]2([H])CC=C2C[C@@]([H])(O)CC[C@]12C;J40-J47
CC(C(O)=O)C1=CC(=CC=C1)C(=O)C1=CC=CC=C1;G90-G99
[H][C@@]12C[C@@]3([H])C(C(=O)C4=C(O)C=CC=C4[C@@]3(C)O)=C(O)[C@]1(O)C(=O)C(C(=O)NCNCCCC[C@H](N)C(O)=O)=C(O)[C@H]2N(C)C;B15-B19
[H][C@@]12C[C@@]3([H])C(C(=O)C4=C(O)C=CC=C4[C@@]3(C)O)=C(O)[C@]1(O)C(=O)C(C(=O)NCNCCCC[C@H](N)C(O)=O)=C(O)[C@H]2N(C)C;B35-B49
CN1CCN(CC2=CC=C(C=C2)C(=O)NC2=CC(NC3=NC=CC(=N3)C3=CN=CC=C3)=C(C)C=C2)CC1;S90-S99
O[C@@H](CNCCc1ccc(NC[C@H](O)c2ccccc2)cc1)c3ccc(O)c(NC=O)c3;J40-J47
[H][C@@]12C[C@@H](C)[C@](O)(C(=O)CO)[C@@]1(C)C[C@H](O)[C@@]1([H])[C@@]2([H])[C@H](Cl)CC2=CC(=O)C=C[C@]12C;M20-M25
C(N1C2=CC=CC=C2N=C1N1CCNCC1)C1=CC=CC=C1;C50-C50
[H][C@]12SCC(CSC3=NN=NN3C)=C(N1C(=O)[C@]2(NC(=O)CSCC#N)OC)C(O)=O;B50-B64
[H][C@@]12C[C@@]3([H])[C@]4([H])CCC5=CC(=O)C=C[C@]5(C)[C@@]4(F)[C@@H](O)C[C@]3(C)[C@@]1(OC1(CCCC1)O2)C(=O)COC(C)=O;M05-M14
[H][C@@]12CC[C@](O)(C(=O)COC(=O)CN(CC)CC)[C@@]1(C)C[C@H](O)[C@@]1([H])[C@@]2([H])CCC2=CC(=O)CC[C@]12C;M20-M25
[H][C@@]12CC[C@H](C(C)=O)[C@@]1(C)CC[C@@]1([H])[C@@]2([H])CCC2=CC(=O)CC[C@]12C;P05-P08
CN1C2=C(N(CC3OCCO3)C=N2)C(=O)N(C)C1=O;J40-J47
NC(=O)NC1NC(=O)NC1=O;T15-T19
CN1[C@H]2CC[C@@H]1C[C@@H](C2)OC(=O)[C@H](CO)C1=CC=CC=C1;K35-K38
CC(N(O)C(N)=O)C1=CC2=CC=CC=C2S1;J40-J47
[H][C@@]12OC3=C(OC)C=CC4=C3[C@@]11CCN(C)[C@]([H])(C4)[C@]1([H])CCC2=O;J40-J47
NCCCCCC(O)(P(O)(O)=O)P(O)(O)=O;M40-M43
NC(=O)NC1NC(=O)NC1=O;T90-T98
CN1CCN(CC2=CC=C(C=C2)C(=O)NC2=CC(NC3=NC=CC(=N3)C3=CN=CC=C3)=C(C)C=C2)CC1;T20-T32
CN1C2=CC=CC=C2C(=N[C@H](NC(=O)C2=CC3=CC=CC4=C3N2CCC4)C1=O)C1=CC=CC=C1;K40-K46
[H][C@@]1(O)[C@]([H])(O)[C@]([H])(O[C@@]1([H])N1C=NC2=C(NCC(C3=CC=CC=C3)C3=CC=CC=C3)N=C(N=C12)C(=O)NCCN=C(O)NC1CCN(CC1)C1=CC=CC=N1)C(O)=NCC;J40-J47
C(N1C2=CC=CC=C2N=C1N1CCNCC1)C1=CC=CC=C1;C60-C63
[Li+].[Li+].[O-]C([O-])=O;G10-G14
[H][C@@]12C[C@@]3([H])C(C(=O)C4=C(O)C=CC=C4[C@@]3(C)O)=C(O)[C@]1(O)C(=O)C(C(=O)NCNCCCC[C@H](N)C(O)=O)=C(O)[C@H]2N(C)C;B95-B98
[H][C@]12[C@H](C[C@@H](C)C=C1C=C[C@H](C)[C@@H]2CC[C@@H]1C[C@@H](O)CC(=O)O1)OC(=O)C(C)(C)CC;I60-I69
[N+]1=2[Co-3]345([N+]6=C7[C@H]([C@@](CC(=O)N)(C)[C@@]6([C@@]6(N3C(=C(C)C3=[N+]4C(C(C)(C)[C@@H]3CCC(=O)N)=CC3=[N+]5C(=C7C)[C@@](CC(=O)N)([C@@H]3CCC(=O)N)C)[C@@](C)([C@H]6CC(=O)N)CCC(NC[C@@H](C)OP(=O)(O[C@@H]3[C@H](O[C@H](N(C4=CC(=C(C=C14)C)C)C=2)[C@@H]3O)CO)[O-])=O)[H])C)CCC(=O)N)O[H];T00-T07
CC1=NC=CN1C[C@H]1CCC2=C(C3=CC=CC4=C3N2CCC4)C1=O;K55-K64
C[C@H](C1=CNC=N1)C1=C(C)C(C)=CC=C1;O10-O16
[H][C@@]12CC[C@](O)(C(=O)CO)[C@@]1(C)C[C@H](O)[C@@]1([H])[C@@]2([H])CCC2=CC(=O)C=C[C@]12C;H46-H48
NC(=O)C1=NN(C=N1)[C@@H]1O[C@H](CO)[C@@H](O)[C@H]1O;F30-F39
[H][C@@]12CC3=CN(C)C4=CC=CC(=C34)[C@]1(C[C@@H](COC(=O)C1=CC(Br)=CN=C1)CN2C)OC;G40-G47
CC1=CC(OCCCC(C)(C)C(O)=O)=C(C)C=C1;I00-I02
OC1=CC=C2C(OC3=CC(O)=CC=C3C22OC(=O)C3=C2C=CC=C3)=C1;H53-H54
OC[C@H]1O[C@H]([C@@H](O)[C@@H]1O)N1C=C(C=CBr)C(=O)NC1=O;C15-C26
CC1CN(CCN1)C1=C(F)C(C)=C2C(=O)C(=CN(C3CC3)C2=C1)C(O)=O;J40-J47
CC(C)C1=CC2=C(OC3=NC(N)=C(C=C3C2=O)C(O)=O)C=C1;J80-J84
[H][C@]12SCC(CSC3=NN=NN3C)=C(N1C(=O)[C@]2(NC(=O)CSCC#N)OC)C(O)=O;B25-B34
[H][C@@]12CC[C@](O)(C(=O)CO)[C@@]1(C)C[C@H](O)[C@@]1([H])[C@@]2([H])CCC2=CC(=O)CC[C@]12C;H90-H95
CN1CCC(CC1)=C1C2=C(SC=C2)C(=O)CC2=CC=CC=C12;T66-T78
[H][C@@]12CC[C@](O)(C(=O)CO)[C@@]1(C)C[C@H](O)[C@@]1([H])[C@@]2([H])CCC2=CC(=O)C=C[C@]12C;D60-D64
CCC(=C(CC)C1=CC=C(O)C=C1)C1=CC=C(O)C=C1;C50-C50
C1CC2=C(CO1)C1=C(NC(=N1)C1=NOC=C1)C=N2;F99-F99
[H][C@@]12CC[C@](O)(C(=O)CO)[C@@]1(C)CC(=O)[C@@]1([H])[C@@]2([H])CCC2=CC(=O)C=C[C@]12C;N10-N16
CN1[C@H]2CC[C@@H]1C[C@@H](C2)OC(=O)[C@H](CO)C1=CC=CC=C1;K65-K67
COC1=C(OC)C=C2C3CC(=O)C(CC(C)C)CN3CCC2=C1;G10-G14
CCC1(C(=O)NC(=O)NC1=O)C1=CC=CC=C1;P90-P96
[N+]1=2[Co-3]345([N+]6=C7[C@H]([C@@](CC(=O)N)(C)[C@@]6([C@@]6(N3C(=C(C)C3=[N+]4C(C(C)(C)[C@@H]3CCC(=O)N)=CC3=[N+]5C(=C7C)[C@@](CC(=O)N)([C@@H]3CCC(=O)N)C)[C@@](C)([C@H]6CC(=O)N)CCC(NC[C@@H](C)OP(=O)(O[C@@H]3[C@H](O[C@H](N(C4=CC(=C(C=C14)C)C)C=2)[C@@H]3O)CO)[O-])=O)[H])C)CCC(=O)N)O[H];T08-T14
[H][C@@]1(CCN(CC2=C(C=C(C=C2)C(O)=NC2=CC(NC3=NC=CC(=N3)C3=CN=CN=C3)=C(C)C=C2)C(F)(F)F)C1)N(C)C;M50-M54
CC[C@@]1(O)C(=O)OCC2=C1C=C1N(CC3=CC4=CC=CC=C4N=C13)C2=O;C97-C97
CCOC(=O)COC1=CC=C2CC[C@@H](CC2=C1)NC[C@H](O)C1=CC=CC(Cl)=C1;F30-F39
[H][C@]12SC(C)(C)[C@@H](N1C(=O)[C@H]2NC(=O)C1=C(C)ON=C1C1=CC=CC=C1)C(O)=O;M86-M90
[H][C@]12SCC(CSC3=NN=NN3C)=C(N1C(=O)[C@]2(NC(=O)CSCC#N)OC)C(O)=O;B15-B19
CC[C@H](C)[C@H](NC(=O)[C@H](CCC(=O)O)NC(=O)[C@H](CO)NC(=O)[C@H](CO)NC(=O)[C@@H](NC(=O)[C@H](CC(=O)O)NC(=O)[C@@H](NC(=O)[C@H](C)NC(=O)[C@H](C)NC(=O)[C@H](CC(=O)O)NC(=O)[C@H](CO)NC(=O)C)C(C)C)[C@@H](C)O)C(=O)N[C@@H]([C@@H](C)O)C(=O)N[C@@H]([C@@H](C)O)C(=O)N[C@@H](CCCCN)C(=O)N[C@@H](CC(=O)O)C(=O)N[C@@H](CC(C)C)C(=O)N[C@@H](CCCCN)C(=O)N[C@@H](CCC(=O)O)C(=O)N[C@@H](CCCCN)C(=O)N[C@@H](CCCCN)C(=O)N[C@@H](CCC(=O)O)C(=O)N[C@@H](C(C)C)C(=O)N[C@@H](C(C)C)C(=O)N[C@@H](CCC(=O)O)C(=O)N[C@@H](CCC(=O)O)C(=O)N[C@@H](C)C(=O)N[C@@H](CCC(=O)O)C(=O)N[C@@H](CC(=O)N)C(=O)O;K70-K77
CCC(=C(CC)C1=CC=C(O)C=C1)C1=CC=C(O)C=C1;C73-C75
ClCCN(CCCl)P1(=O)NCCCO1;N00-N08
[H]C(=C([H])C1=CC=C(CNCCC2=C(C)NC3=CC=CC=C23)C=C1)C(O)=NO;D65-D69
OC1=CC(O)=CC(O)=C1;N70-N77
CN(C)CCC=C1C2=CC=CC=C2COC2=C1C=C(CC(O)=O)C=C2;H15-H22
NC1=CC=CC2=C1CN(C1CCC(=O)NC1=O)C2=O;D60-D64
CCN(CC)CC#CCOC(=O)C(O)(C1CCCCC1)C1=CC=CC=C1;R30-R39
CCCC(C)(COC(N)=O)COC(=O)NC(C)C;M65-M68
O[C@H]1CCN2Cc3ccccc3N=C12;O80-O84
[I-].[I-].[I-].CC[N+](CC)(CC)CCOC1=CC=CC(OCC[N+](CC)(CC)CC)=C1OCC[N+](CC)(CC)CC;M50-M54
CCOC1=CC=C(C=C1)C1=NN2N=CC=CC2=C1C1=CC=C(C=C1)S(C)(=O)=O;M45-M49
NC1=CC=C(C=C1)S(N)(=O)=O;A92-A99
C[C@H]1COC2=C3N1C=C(C(O)=O)C(=O)C3=CC(F)=C2N1CCN(C)CC1;J40-J47
[H][C@@]12CC[C@](O)(C(C)=O)[C@@]1(C)C[C@H](O)[C@@]1(F)[C@@]2([H])C[C@H](C)C2=CC(=O)C=C[C@]12C;H00-H06
CC(C)CC1=CC=C(C=C1)C(C)C(O)=NO;J90-J94
[H][C@@]12CC(=O)N1[C@@H](C(O)=O)[C@](C)(CN1C=CN=N1)S2(=O)=O;L50-L54
[H][C@]12SC(C)(C)[C@@H](N1C(=O)[C@H]2NC(=O)[C@H](N)C1=CC=C(O)C=C1)C(O)=O;J20-J22
[H][C@]12SC(C)(C)[C@@H](N1C(=O)[C@H]2NC(=O)[C@H](N)C1=CC=C(O)C=C1)C(O)=O;L00-L08
OC(=O)C1=CN(C2CC2)C2=CC(N3CCNCC3)=C(F)C=C2C1=O;H60-H62
CNC[C@H](O)C1=CC(O)=CC=C1;J40-J47
NC1=NC(=O)N(C=C1F)[C@@H]1CS[C@H](CO)O1;E50-E64
[H][C@@]12CC[C@](O)(C(=O)CO)[C@@]1(C)C[C@H](O)[C@@]1([H])[C@@]2([H])CCC2=CC(=O)C=C[C@]12C;G35-G37
COC1=CC=C(C[C@@H](C)NC[C@H](O)C2=CC(NC=O)=C(O)C=C2)C=C1;J40-J47
CC(C)[C@H](N1CCCNC1=O)C(=O)N[C@H](C[C@H](O)[C@H](CC1=CC=CC=C1)NC(=O)COC1=C(C)C=CC=C1C)CC1=CC=CC=C1;E00-E07
C1CN2C[C@@H](N=C2S1)C1=CC=CC=C1;C50-C50
CCCN1CCCC[C@H]1C(=O)NC1=C(C)C=CC=C1C;O60-O75
[H][C@@]12CC[C@H](O)[C@@]1(C)CC[C@@]1([H])[C@@]2([H])CCC2=CC(=O)CC[C@]12C;E00-E07
[H][C@@]12C[C@H](O)[C@@]3(C)C(=O)[C@H](O)C4=C(C)[C@H](C[C@@](O)([C@@H](OC(=O)C5=CC=CC=C5)[C@]3([H])[C@@]1(CO2)OC(C)=O)C4(C)C)OC(=O)[C@H](O)[C@@H](NC(=O)OC(C)(C)C)C1=CC=CC=C1;R10-R19
CCCC1=NN(C)C2=C1NC(=NC2=O)C1=C(OCC)C=CC(=C1)S(=O)(=O)N1CCN(C)CC1;F50-F59
C1CC2=C(CO1)C1=C(NC(=N1)C1=NOC=C1)C=N2;F20-F29
[H][C@]12SCC=C(N1C(=O)[C@H]2NC(=O)C(=C/CC(O)=O)C1=CSC(N)=N1)C(O)=O;J40-J47
[H][C@]12SCC(CSC3=NN=NN3C)=C(N1C(=O)[C@H]2NC(=O)C(=N/OC)C1=CSC(N)=N1)C(O)=O;A00-A09
[H][C@@]12CC[C@H](O)[C@@]1(C)CC[C@@]1([H])[C@@]2([H])CCC2=CC(=O)CC[C@]12C;M80-M85
CC[C@H](C)[C@H](N)C1=N[C@@H](CS1)C(=O)N[C@@H](CC(C)C)C(=O)N[C@H](CCC(O)=O)C(=O)N[C@@H]([C@@H](C)CC)C(=O)N[C@H]1CCCCNC(=O)[C@H](CC(N)=O)NC(=O)[C@@H](CC(O)=O)NC(=O)[C@H](CC2=CNC=N2)NC(=O)[C@@H](CC2=CC=CC=C2)NC(=O)[C@@H](NC(=O)[C@@H](CCCN)NC1=O)[C@@H](C)CC;L40-L45
NC(=O)C1=NN(C=N1)[C@@H]1O[C@H](CO)[C@@H](O)[C@H]1O;J60-J70
O.O.O.O.O.O.O.O.O.[Na+].[Na+].[Na+].[H][C@@]1(O[Sb]2(O)(O[Sb]34([O-])O[C@@H](C([O-])=O)[C@@]([H])(O3)[C@]([H])(O4)[C@H](O)CO)O[C@@H](C([O-])=O)[C@@]1([H])O2)[C@H](O)CO;C76-C80
[H][C@]12CC[C@]([H])(C[C@@H](C1)OC(=O)C(O)(C1=CC=CC=C1)C1=CC=CC=C1)[N+]21CCCC1;R25-R29
ClCCN(CCCl)P1(=O)NCCCO1;I70-I79
[H][C@]1(C[C@@H]2CC[N@]1C[C@@H]2C=C)[C@H](O)C1=CC=NC2=CC=C(OC)C=C12;M05-M14
N[Pt](N)(Cl)Cl;C97-C97
[H][C@@]12CC[C@H](C(C)=O)[C@@]1(C)C[C@H](O)[C@@]1([H])[C@@]2([H])C[C@H](C)C2=CC(=O)CC[C@]12C;H53-H54
[H][C@@]12C[C@@]3([H])C(C(=O)C4=C(O)C=CC=C4[C@@]3(C)O)=C(O)[C@]1(O)C(=O)C(C(=O)NCNCCCC[C@H](N)C(O)=O)=C(O)[C@H]2N(C)C;B00-B09
[H][C@@]12C[C@@]3([H])C(C(=O)C4=C(O)C=CC=C4[C@@]3(C)O)=C(O)[C@]1(O)C(=O)C(C(=O)NCNCCCC[C@H](N)C(O)=O)=C(O)[C@H]2N(C)C;A15-A19
[H][C@@](C)(N)[C@]([H])(O)C1=CC=CC=C1;G90-G99
[H][C@]12SC(C)(C)[C@@H](N1C(=O)[C@H]2NC(=O)C1=C(OC)C=CC=C1OC)C(O)=O;I20-I25
[H][C@@]12CC[C@](O)(C(C)=O)[C@@]1(C)C[C@H](O)[C@@]1(F)[C@@]2([H])C[C@H](C)C2=CC(=O)C=C[C@]12C;H60-H62
[H][C@@]12CC[C@]3(C)[C@]([H])(CC=C4[C@]5([H])[C@@H](C)[C@H](C)CC[C@@]5(CC[C@@]34C)C(=O)O[C@@H]3O[C@H](CO[C@@H]4O[C@H](CO)[C@@H](O[C@@H]5O[C@@H](C)[C@H](O)[C@@H](O)[C@H]5O)[C@H](O)[C@H]4O)[C@@H](O)[C@H](O)[C@H]3O)[C@@]1(C)C[C@@H](O)[C@H](O)[C@@]2(C)CO;T29-T32
[H][C@@]1(C[C@@H](C)[C@]2([H])CC(=O)[C@H](C)C=C(C)[C@@H](O)[C@@H](OC)C(=O)[C@H](C)C[C@H](C)C=CC=CC=C(C)[C@H](C[C@]3([H])CC[C@@H](C)[C@@](O)(O3)C(=O)C(=O)N3CCCC[C@@]3([H])C(=O)O2)OC)CC[C@@H](O)[C@@H](C1)OC;D10-D36
CC[C@H]1OC(=O)[C@H](C)[C@@H](O[C@H]2C[C@@](C)(OC)[C@@H](O)[C@H](C)O2)[C@H](C)[C@@H](O[C@@H]2O[C@H](C)C[C@@H]([C@H]2O)N(C)C)[C@](C)(O)C[C@@H](C)CN(C)[C@H](C)[C@@H](O)[C@]1(C)O;B95-B98
ClC1=CC2=C(C=C1)C(=CC=N2)N1CCN(CCCN2CCN(CC2)C2=CC=NC3=C2C=CC(Cl)=C3)CC1;O85-O92
[Zn++].[H][C@@](CC1=CN=CN1)([N-]C(=O)CCN)C([O-])=O;K20-K31
[H][C@]12SCC(CSC3=NN=NN3C)=C(N1C(=O)[C@]2(NC(=O)CSCC#N)OC)C(O)=O;A80-A89
CN1CCN(CC2=CC=C(C=C2)C(=O)NC2=CC(NC3=NC=CC(=N3)C3=CN=CC=C3)=C(C)C=C2)CC1;S60-S69
CN1C2=C(C3=CC=CC=C13)C(=O)C(CN1C=CN=C1C)CC2;F10-F19
COC1=CC=CC=C1OC1=C(NS(=O)(=O)C2=CC=C(C)C=N2)N=C(N=C1OCCO)C1=CC=NC(=C1)C1=NN=NN1;R25-R29
NC(=O)C1=NC=CN=C1;K70-K77
[H][C@@]12C[C@@]3([H])C(C(=O)C4=C(O)C=CC=C4[C@@]3(C)O)=C(O)[C@]1(O)C(=O)C(C(=O)NCNCCCC[C@H](N)C(O)=O)=C(O)[C@H]2N(C)C;B85-B89
COC1=CC2=C(NC(=N2)[S@@](=O)CC2=NC=C(C)C(OC)=C2C)C=C1;K20-K31
CC(C)[C@H](NC(=O)N(C)CC1=CSC(=N1)C(C)C)C(=O)N[C@H](C[C@H](O)[C@H](CC1=CC=CC=C1)NC(=O)OCC1=CN=CS1)CC1=CC=CC=C1;J09-J18
CC(C)C1=CC2=C(OC3=NC(N)=C(C=C3C2=O)C(O)=O)C=C1;J60-J70
[H]C(=NN1CCOC1=O)C1=CC=C(O1)[N+]([O-])=O;K20-K31
NCCCCCC(O)(P(O)(O)=O)P(O)(O)=O;M65-M68
NC[C@H](O)C1=CC(O)=C(O)C=C1;C00-C14
C1CC2=C(CO1)C1=C(NC(=N1)C1=NOC=C1)C=N2;F00-F09
CNCCCN1C2=CC=CC=C2CCC2=CC=CC=C12;F90-F98
ClCCC(=O)NCC1=CC=CC=C1;F40-F48
CCCC(C)(COC(N)=O)COC(=O)NC(C)C;M40-M43
[H][C@@]12CC[C@]3(C)[C@]([H])(CC=C4[C@]5([H])[C@@H](C)[C@H](C)CC[C@@]5(CC[C@@]34C)C(=O)O[C@@H]3O[C@H](CO[C@@H]4O[C@H](CO)[C@@H](O[C@@H]5O[C@@H](C)[C@H](O)[C@@H](O)[C@H]5O)[C@H](O)[C@H]4O)[C@@H](O)[C@H](O)[C@H]3O)[C@@]1(C)C[C@@H](O)[C@H](O)[C@@]2(C)CO;S50-S59
[H][C@@]1(C[C@@H](C)[C@]2([H])CC(=O)[C@H](C)C=C(C)[C@@H](O)[C@@H](OC)C(=O)[C@H](C)C[C@H](C)C=CC=CC=C(C)[C@H](C[C@]3([H])CC[C@@H](C)[C@@](O)(O3)C(=O)C(=O)N3CCCC[C@@]3([H])C(=O)O2)OC)CC[C@@H](OCCO)[C@@H](C1)OC;I20-I25
CCC1=C(CC)C=C2CC(CC2=C1)NC[C@H](O)C1=C2C=CC(=O)NC2=C(O)C=C1;J40-J47
[I-].[I-].[I-].CC[N+](CC)(CC)CCOC1=CC=CC(OCC[N+](CC)(CC)CC)=C1OCC[N+](CC)(CC)CC;M95-M99
[N+]1=2[Co-3]345([N+]6=C7[C@H]([C@@](CC(=O)N)(C)[C@@]6([C@@]6(N3C(=C(C)C3=[N+]4C(C(C)(C)[C@@H]3CCC(=O)N)=CC3=[N+]5C(=C7C)[C@@](CC(=O)N)([C@@H]3CCC(=O)N)C)[C@@](C)([C@H]6CC(=O)N)CCC(NC[C@@H](C)OP(=O)(O[C@@H]3[C@H](O[C@H](N(C4=CC(=C(C=C14)C)C)C=2)[C@@H]3O)CO)[O-])=O)[H])C)CCC(=O)N)O[H];T26-T28
C[N+](C)(C)CCCCCCCCCC[N+](C)(C)C;R30-R39
CCOC(=O)CCCCCCCCC(C)C1=CC=CC=C1I;S30-S39
[H][C@]1(CO)O[C@]([H])(OC2=C(C=C(CCCCCCC3=CC(=C(O[C@@]4([H])O[C@]([H])(CO)[C@@]([H])(O)[C@]([H])(O)[C@]4([H])O)C=C3)C3=CC=CC(CC(O)=O)=C3)C=C2)C2=CC=CC(CC(O)=O)=C2)[C@@]([H])(O)[C@@]([H])(O)[C@]1([H])O;J40-J47
CCC(=C(CC)C1=CC=C(O)C=C1)C1=CC=C(O)C=C1;C45-C49
[H][C@@]12CC(=O)N1[C@@H](C(O)=O)[C@](C)(CN1C=CN=N1)S2(=O)=O;L80-L99
COC1=CC2=C(C=C1OCCCN1CCCC1)N=CN=C2OC1=C(F)C2=C(NC(C)=C2)C=C1;C60-C63
COC1=CC2=C(C=C1OC)[C@@H](CC1=CC(OC)=C(OC)C=C1)[N@@+](C)(CCC(=O)OCCCCCOC(=O)CC[N@@+]1(C)CCC3=C(C=C(OC)C(OC)=C3)[C@H]1CC1=CC(OC)=C(OC)C=C1)CC2;R30-R39
[H][C@@]12C[C@@]3([H])C(C(=O)C4=C(O)C=CC=C4[C@@]3(C)O)=C(O)[C@]1(O)C(=O)C(C(=O)NCNCCCC[C@H](N)C(O)=O)=C(O)[C@H]2N(C)C;A92-A99
CC(C)(C)NCC(O)C1=CC(O)=CC(O)=C1;J40-J47
[H][C@]12SC(C)(C)[C@@H](N1C(=O)[C@H]2NC(=O)[C@H](N)C1=CC=C(O)C=C1)C(O)=O;H80-H83
[H][C@]12SCC(CSC3=NN=NN3C)=C(N1C(=O)[C@H]2NC(=O)C(=N/OC)C1=CSC(N)=N1)C(O)=O;B99-B99
CC[C@H](C)[C@H](NC(=O)[C@H](CCC(O)=O)NC(=O)[C@H](CCC(O)=O)NC(=O)[C@H](CC1=CC=CC=C1)NC(=O)[C@H](CC(O)=O)NC(=O)CNC(=O)[C@H](CC(N)=O)NC(=O)CNC(=O)CNC(=O)CNC(=O)CNC(=O)[C@@H]1CCCN1C(=O)[C@H](CCCNC(N)=N)NC(=O)[C@@H]1CCCN1C(=O)[C@H](N)CC1=CC=CC=C1)C(=O)N1CCC[C@H]1C(=O)N[C@@H](CCC(O)=O)C(=O)N[C@@H](CCC(O)=O)C(=O)N[C@@H](CC1=CC=C(O)C=C1)C(=O)N[C@@H](CC(C)C)C(O)=O;D65-D69
CC(C)OC(=O)C(C)(C)OC1=CC=C(C=C1)C(=O)C1=CC=C(Cl)C=C1;F50-F59
[H][C@@]12C[C@@H](C)[C@](O)(C(=O)CO)[C@@]1(C)C[C@H](O)[C@@]1([H])[C@@]2([H])[C@H](Cl)CC2=CC(=O)C=C[C@]12C;M15-M19
NC1=CC=C(C=C1)S(N)(=O)=O;A80-A89
CCC1=C2NC3=C(CCOC3(CC)CC(O)=O)C2=CC=C1;G90-G99
[H][C@@]12CC[C@](O)(C(C)=O)[C@@]1(C)C[C@H](O)[C@@]1(F)[C@@]2([H])C[C@H](C)C2=CC(=O)C=C[C@]12C;H46-H48
OC(=O)CSCC(=O)NC1CCSC1=O;J40-J47
NCCN.CN1C2=C(NC=N2)C(=O)N(C)C1=O.CN1C2=C(NC=N2)C(=O)N(C)C1=O;J40-J47
CCCC(C)(COC(N)=O)COC(=O)NC(C)C;M40-M54
[I-].[I-].[I-].CC[N+](CC)(CC)CCOC1=CC=CC(OCC[N+](CC)(CC)CC)=C1OCC[N+](CC)(CC)CC;M80-M85
[H][C@@]1(C[C@@H](C)[C@]2([H])CC(=O)[C@H](C)C=C(C)[C@@H](O)[C@@H](OC)C(=O)[C@H](C)C[C@H](C)C=CC=CC=C(C)[C@H](C[C@]3([H])CC[C@@H](C)[C@@](O)(O3)C(=O)C(=O)N3CCCC[C@@]3([H])C(=O)O2)OC)CC[C@@H](OCCO)[C@@H](C1)OC;T80-T88
CC[C@@H]1C2=CC(OC)=C(OC)C=C2C(=NN=C1C)C1=CC=C(OC)C(OC)=C1;K55-K64
CCCC(C)(COC(N)=O)COC(=O)NC(C)C;M95-M99
[N+]1=2[Co-3]345([N+]6=C7[C@H]([C@@](CC(=O)N)(C)[C@@]6([C@@]6(N3C(=C(C)C3=[N+]4C(C(C)(C)[C@@H]3CCC(=O)N)=CC3=[N+]5C(=C7C)[C@@](CC(=O)N)([C@@H]3CCC(=O)N)C)[C@@](C)([C@H]6CC(=O)N)CCC(NC[C@@H](C)OP(=O)(O[C@@H]3[C@H](O[C@H](N(C4=CC(=C(C=C14)C)C)C=2)[C@@H]3O)CO)[O-])=O)[H])C)CCC(=O)N)O[H];T15-T19
CC[C@H]1OC(=O)[C@H](C)[C@@H](O[C@H]2C[C@@](C)(OC)[C@@H](O)[C@H](C)O2)[C@H](C)[C@@H](O[C@@H]2O[C@H](C)C[C@@H]([C@H]2O)N(C)C)[C@](C)(O)C[C@@H](C)CN(C)[C@H](C)[C@@H](O)[C@]1(C)O;A20-A28
CN1N=C(C(=O)N[C@@H]2C[C@@H]3CCC[C@H](C2)N3C)C2=C1C=CC=C2;R10-R19
[H][C@@]12C[C@@H](O)[C@H](O)[C@@]1(C)CC[C@]1([H])C3=C(CC[C@@]21[H])C=C(O)C=C3;E15-E16
[H][C@@]12CC[C@](O)(C(=O)CO)[C@@]1(C)C[C@H](O)[C@@]1([H])[C@@]2([H])CCC2=CC(=O)C=C[C@]12C;N17-N19
OC(C(=O)O[C@H]1C[N+]2(CCCOC3=CC=CC=C3)CCC1CC2)(C1=CC=CS1)C1=CC=CS1;J40-J47
NC(=O)NC1NC(=O)NC1=O;T20-T32
NC1=CC=C(C=C1)S(N)(=O)=O;B20-B24
C[C@H](C1=CNC=N1)C1=C(C)C(C)=CC=C1;O85-O92
CC(C(O)=O)C1=CC(=CC=C1)C(=O)C1=CC=CC=C1;M05-M14
[H][C@@]12CC(=O)N1[C@@H](C(O)=O)[C@](C)(CN1C=CN=N1)S2(=O)=O;J09-J18
OC(=O)C(=O)NC1=CC(=CC(NC(=O)C(O)=O)=C1Cl)C#N;J40-J47
[H][C@]12SCC(CSC3=NN=NN3C)=C(N1C(=O)[C@]2(NC(=O)CSCC#N)OC)C(O)=O;A70-A74
C(N1C2=CC=CC=C2N=C1N1CCNCC1)C1=CC=CC=C1;D10-D36
[H][C@@]12CC[C@](O)(C(=O)CO)[C@@]1(C)C[C@H](O)[C@@]1([H])[C@@]2([H])C[C@H](F)C2=CC(=O)C=C[C@]12C;J40-J47
CCC1(C)OC(=O)N(C)C1=O;Q10-Q18
[Ba++].[O-]S([O-])(=O)=O;K90-K93
CCCN1C2=C(NC=N2)C(=O)NC1=O;J40-J47
CC[C@H]1OC(=O)[C@H](C)[C@@H](O[C@H]2C[C@@](C)(OC)[C@@H](O)[C@H](C)O2)[C@H](C)[C@@H](O[C@@H]2O[C@H](C)C[C@@H]([C@H]2O)N(C)C)[C@](C)(O)C[C@@H](C)CN(C)[C@H](C)[C@@H](O)[C@]1(C)O;A92-A99
C[C@H](C1=CNC=N1)C1=C(C)C(C)=CC=C1;O20-O29
C1CC2=C(CO1)C1=C(NC(=N1)C1=NOC=C1)C=N2;F60-F69
COC(=O)C(C1CCCCN1)C1=CC=CC=C1;S00-S09
CC(C)[C@H](N)C(=O)N1CCC[C@H]1B(O)O;D70-D77
[Na+].[Cl-];T26-T28
CC(C)CC1=CC=C(C=C1)C(C)C(O)=NO;J85-J86
[H][C@@]12CC[C@]3(C)[C@]([H])(CC=C4[C@]5([H])[C@@H](C)[C@H](C)CC[C@@]5(CC[C@@]34C)C(=O)O[C@@H]3O[C@H](CO[C@@H]4O[C@H](CO)[C@@H](O[C@@H]5O[C@@H](C)[C@H](O)[C@@H](O)[C@H]5O)[C@H](O)[C@H]4O)[C@@H](O)[C@H](O)[C@H]3O)[C@@]1(C)C[C@@H](O)[C@H](O)[C@@]2(C)CO;T26-T28
CN1CCCC(CC1)N1N=C(CC2=CC=C(Cl)C=C2)C2=CC=CC=C2C1=O;J30-J39
CN(C)C(=N)NC(N)=N;N25-N29
COC1=C(OC)C(=O)C(CCCCCCCCCCCCO)=C(C)C1=O;F99-F99
CC(C)[C@H](N1CCCNC1=O)C(=O)N[C@H](C[C@H](O)[C@H](CC1=CC=CC=C1)NC(=O)COC1=C(C)C=CC=C1C)CC1=CC=CC=C1;E40-E46
[H][C@]12SCC(CSC3=NN=NN3C)=C(N1C(=O)[C@H]2NC(=O)C(=N/OC)C1=CSC(N)=N1)C(O)=O;B15-B19
[I-].[I-].[I-].CC[N+](CC)(CC)CCOC1=CC=CC(OCC[N+](CC)(CC)CC)=C1OCC[N+](CC)(CC)CC;M80-M94
[H][C@@]12C[C@@H](C)[C@](O)(C(=O)CO)[C@@]1(C)C[C@H](O)[C@@]1(F)[C@@]2([H])CCC2=CC(=O)C=C[C@]12C;H10-H13
OC(=O)CNC(=O)C1=C(O)C2=CC=CC=C2C(Cl)=N1;N00-N08
[H][C@@]12CC(=O)N1[C@@H](C(O)=O)[C@](C)(CN1C=CN=N1)S2(=O)=O;P20-P29
OC1=CC=C2C(OC3=CC(O)=CC=C3C22OC(=O)C3=C2C=CC=C3)=C1;H49-H52
OC(=O)CNC(=O)C1=C(O)C2=CC=CC=C2C(Cl)=N1;N17-N19
NC1=NC(CC(=O)NC2=CC=C(CCNC[C@H](O)C3=CC=CC=C3)C=C2)=CS1;N30-N39
CC(=O)N1CCN(CC1)NC(=O)C1=CC=C(F)C=C1;R40-R46
O.O.O.O.O.O.O.O.O.[Na+].[Na+].[Na+].[H][C@@]1(O[Sb]2(O)(O[Sb]34([O-])O[C@@H](C([O-])=O)[C@@]([H])(O3)[C@]([H])(O4)[C@H](O)CO)O[C@@H](C([O-])=O)[C@@]1([H])O2)[C@H](O)CO;C00-C14
CCCCNC1=CC=C(C=C1)C(=O)OCCN(C)C;R20-R23
CN(C)CCC=C1C2=CC=CC=C2C=CC2=CC=CC=C12;M70-M79
CNC(C)C1CCC(N)C(OC2C(N)CC(N)C(OC3OCC(C)(O)C(NC)C3O)C2O)O1;O30-O48
CC[C@@]1(O)C(=O)OCC2=C1C=C1N(CC3=CC4=CC=CC=C4N=C13)C2=O;D00-D09
[H][C@@]1(CCN(CC2=C(C=C(C=C2)C(O)=NC2=CC(NC3=NC=CC(=N3)C3=CN=CN=C3)=C(C)C=C2)C(F)(F)F)C1)N(C)C;M40-M43
[H][C@]12SCC(CSC3=NC(=O)C(=O)NN3C)=C(N1C(=O)[C@H]2NC(=O)C(=N/OC)C1=CSC(N)=N1)C(O)=O;P20-P29
CN1CCN(CC2=CC=C(C=C2)C(=O)NC2=CC(NC3=NC=CC(=N3)C3=CN=CC=C3)=C(C)C=C2)CC1;S80-S89
CN1C=CC(=O)C(O)=C1C;R70-R79
N[C@@H](CC1=CC(I)=C(OC2=CC(I)=C(O)C=C2)C(I)=C1)C(O)=O;E00-E07
CN1C2=C(C3=CC=CC=C13)C(=O)C(CN1C=CN=C1C)CC2;R10-R19
CN(C(=O)CO)C1=C(I)C(C(O)=NCC(O)CO)=C(I)C(C(O)=NCC(O)CO)=C1I;G80-G83
COC1=C(CC=C(/C)CCC(=O)OCCN2CCOCC2)C(O)=C2C(=O)OCC2=C1C;N20-N23
NC1=CC=C(C=C1)S(N)(=O)=O;A70-A74
C[C@H](NCCC1=CC=C(O)C=C1)[C@H](O)C1=CC=C(O)C=C1;P05-P08
[H][C@]12SC(C)(C)[C@@H](N1C(=O)[C@H]2NC(=O)C1=C(OC)C=CC=C1OC)C(O)=O;R50-R69
CC(C)CC1=CC=C(C=C1)C(C)C(O)=NO;J60-J70
CCN1CC(CCN2CCOCC2)C(C1=O)(C1=CC=CC=C1)C1=CC=CC=C1;J95-J99
COC1=C(OCC(O)COC(N)=O)C=CC=C1;M65-M68
[H][C@@]12C[C@@H](C)[C@](O)(C(=O)CO)[C@@]1(C)C[C@H](O)[C@@]1(F)[C@@]2([H])CCC2=CC(=O)C=C[C@]12C;D65-D69
ClC1=CC=C(C=C1)C(=O)NCCN1CCOCC1;K00-K14
O.O.O.O.O.O.O.O.O.[Na+].[Na+].[Na+].[H][C@@]1(O[Sb]2(O)(O[Sb]34([O-])O[C@@H](C([O-])=O)[C@@]([H])(O3)[C@]([H])(O4)[C@H](O)CO)O[C@@H](C([O-])=O)[C@@]1([H])O2)[C@H](O)CO;C81-C96
[H][C@@]12CC[C@](O)(C(C)=O)[C@@]1(C)C[C@H](O)[C@@]1(F)[C@@]2([H])C[C@H](C)C2=CC(=O)C=C[C@]12C;H53-H54
CN(C)C(=O)CCN1N=C(NC2=CC=C3OC(F)(F)OC3=C2)N=C1C1=CC=NC=C1;R40-R46
CCOC(=O)CCCCCCCCC(C)C1=CC=CC=C1I;S20-S29
[Gd+3].CC(O)CN1CCN(CC([O-])=O)CCN(CC([O-])=O)CCN(CC([O-])=O)CC1;G70-G73
CC(C)C1=CC2=C(OC3=NC(N)=C(C=C3C2=O)C(O)=O)C=C1;J90-J94
O.COc1ccc(C[C@@H](C)NC[C@H](O)c2ccc(O)c(NC=O)c2)cc1.OC(=O)\C=C\C(=O)O;J40-J47
COC1=CC2=C(C=C1OCCCN1CCCC1)N=CN=C2OC1=C(F)C2=C(NC(C)=C2)C=C1;C45-C49
O.O.O.O.O.O.O.O.O.[Na+].[Na+].[Na+].[H][C@@]1(O[Sb]2(O)(O[Sb]34([O-])O[C@@H](C([O-])=O)[C@@]([H])(O3)[C@]([H])(O4)[C@H](O)CO)O[C@@H](C([O-])=O)[C@@]1([H])O2)[C@H](O)CO;C69-C72
[H][C@]12SCC(CSC3=NN=NN3C)=C(N1C(=O)[C@H]2NC(=O)C(=N/OC)C1=CSC(N)=N1)C(O)=O;A70-A74
NCCCCCC(O)(P(O)(O)=O)P(O)(O)=O;M95-M99
[H][C@@]12C[C@@H](C)[C@](O)(C(=O)CO)[C@@]1(C)C[C@H](O)[C@@]1(F)[C@@]2([H])CCC2=CC(=O)C=C[C@]12C;T66-T78
CN1N=CC=C1C1=CC=C(SC2=CC=CC(=C2)C2(CCOCC2)C(N)=O)C=C1;J40-J47
COC1=C(OCC(O)COC(N)=O)C=CC=C1;M40-M43
CC(=O)OCC(CCN1C=NC2=CN=C(N)N=C12)COC(C)=O;G00-G09
CCCC(CCC)C(O)=O;F30-F39
CC1=CC(OCCCC(C)(C)C(O)=O)=C(C)C=C1;I95-I99
[H][C@]12SC(C)(C)[C@@H](N1C(=O)[C@H]2NC(=O)C1=C(OCC)C=CC2=CC=CC=C12)C(O)=O;M86-M90
NC(=O)NC1NC(=O)NC1=O;T36-T50
NC1=NC(=O)C2=C(NC[C@H](CNC3=CC=C(C=C3)C(=O)N[C@@H](CCC(O)=O)C(O)=O)N2C=O)N1;D60-D64
[H][C@@]12C[C@@H](C)[C@](O)(C(=O)CO)[C@@]1(C)C[C@H](O)[C@@]1([H])[C@@]2([H])[C@H](Cl)CC2=CC(=O)C=C[C@]12C;M00-M03
[H][C@]12SCC(CSC3=NC(=O)C(=O)NN3C)=C(N1C(=O)[C@H]2NC(=O)C(=N/OC)C1=CSC(N)=N1)C(O)=O;K35-K38
CN1C2=C(NC=N2)C(=O)N(C)C1=O;J40-J47
CC(C)OC(=O)C(C)(C)OC1=CC=C(C=C1)C(=O)C1=CC=C(Cl)C=C1;S00-S09
CC(C)CC1=CC=C(C=C1)C(C)C(O)=NO;J40-J47
COC1=C(CC=C(/C)CCC(=O)OCCN2CCOCC2)C(O)=C2C(=O)OCC2=C1C;N25-N29
[H][C@@]1(CCN(CC2=C(C=C(C=C2)C(O)=NC2=CC(NC3=NC=CC(=N3)C3=CN=CN=C3)=C(C)C=C2)C(F)(F)F)C1)N(C)C;M86-M90
CC1=CC(OCCCC(C)(C)C(O)=O)=C(C)C=C1;I60-I69
ClCCC(=O)NCC1=CC=CC=C1;F20-F29
CN(C)CCC=C1C2=CC=CC=C2COC2=C1C=C(CC(O)=O)C=C2;H49-H52
CN(C)CCC=C1C2=CC=CC=C2COC2=C1C=C(CC(O)=O)C=C2;H55-H59
CC(C)NCC(O)C1=CC(O)=CC(O)=C1;J40-J47
C[C@H]1OC(OC2CC(O)C(C(O)CC(=O)CC(O)C(O)CCC(O)CC(O)CC(O)CC(=O)OC(C)C(C)C(O)C(C)C=CC=CCCC=CC=CC=CC=C2)C(O)=O)[C@@H](O)[C@@H](N)[C@@H]1O;L50-L54
COC1=C(OC)C=C2C(=O)C(CC3CCN(CC4=CC=CC=C4)CC3)CC2=C1;G30-G32
CCCCC1=NC(Cl)=C(CO)N1CC1=CC=C(C=C1)C1=CC=CC=C1C1=NNN=N1;Q80-Q89
NC1=CC=C(C=C1)S(N)(=O)=O;A20-A28
[H][C@@]12C[C@@]3([H])C(C(=O)C4=C(O)C=CC=C4[C@@]3(C)O)=C(O)[C@]1(O)C(=O)C(C(=O)NCNCCCC[C@H](N)C(O)=O)=C(O)[C@H]2N(C)C;A50-A64
CC[C@H](C)[C@H](NC(=O)[C@H](CCC(=O)O)NC(=O)[C@H](CO)NC(=O)[C@@H](NC(=O)[C@@H](N)CO)C(C)C)C(=O)N[C@@H](CCC(=O)N)C(=O)N[C@@H](CC(C)C)C(=O)N[C@@H](CCSC)C(=O)N[C@@H](Cc1cnc[nH]1)C(=O)N[C@@H](CC(=O)N)C(=O)N[C@@H](CC(C)C)C(=O)NCC(=O)N[C@@H](CCCCN)C(=O)N[C@@H](Cc2cnc[nH]2)C(=O)N[C@@H](CC(C)C)C(=O)N[C@@H](CC(=O)N)C(=O)N[C@@H](CO)C(=O)N[C@@H](CCSC)C(=O)N[C@@H](CCC(=O)O)C(=O)N[C@@H](CCCNC(=N)N)C(=O)N[C@@H](C(C)C)C(=O)N[C@@H](CCC(=O)O)C(=O)N[C@@H](Cc3c[nH]c4ccccc34)C(=O)N[C@@H](CC(C)C)C(=O)N[C@@H](CCCNC(=N)N)C(=O)N[C@@H](CCCCN)C(=O)N[C@@H](CCCCN)C(=O)N[C@@H](CC(C)C)C(=O)N[C@@H](CCC(=O)N)C(=O)N[C@@H](CC(=O)O)C(=O)N[C@@H](C(C)C)C(=O)N[C@@H](Cc5cnc[nH]5)C(=O)N[C@@H](CC(=O)N)C(=O)N[C@@H](Cc6ccccc6)C(=O)O;Q65-Q79
CN1CCN(CC2=CC=C(C=C2)C(=O)NC2=CC(NC3=NC=CC(=N3)C3=CN=CC=C3)=C(C)C=C2)CC1;S50-S59
OC(CNCC(O)C1CCC2=C(O1)C=CC(F)=C2)C1CCC2=C(O1)C=CC(F)=C2;Q80-Q89
CC(C)C1=CC2=C(OC3=NC(N)=C(C=C3C2=O)C(O)=O)C=C1;J40-J47
CC[C@H](C)[C@H](N)C1=N[C@@H](CS1)C(=O)N[C@@H](CC(C)C)C(=O)N[C@H](CCC(O)=O)C(=O)N[C@@H]([C@@H](C)CC)C(=O)N[C@H]1CCCCNC(=O)[C@H](CC(N)=O)NC(=O)[C@@H](CC(O)=O)NC(=O)[C@H](CC2=CNC=N2)NC(=O)[C@@H](CC2=CC=CC=C2)NC(=O)[C@@H](NC(=O)[C@@H](CCCN)NC1=O)[C@@H](C)CC;L50-L54
CCCOC(=O)CN1C=C(I)C(=O)C(I)=C1;J80-J84
ClC1=CC=C(NC2=NN=C(CC3=CC=NC=C3)C3=CC=CC=C23)C=C1;D00-D09
[H][C@@]12CC[C@H](O)[C@@]1(C)CC[C@@]1([H])[C@@]2([H])CCC2=CC(=O)CC[C@]12C;E15-E16
C[C@H](CCCC(C)(C)O)[C@@]1([H])CC[C@@]2([H])C(CCC[C@]12C)=CC=C1C[C@@H](O)C[C@H](O)C1=C;Q80-Q89
CN1[C@H]2CC[C@@H]1C[C@@H](C2)OC(=O)C(CO)C1=CC=CC=C1;T51-T65
CC(C)(N)C(=O)N[C@@H](CC1=CNC=N1)C(=O)N[C@H](CC1=CC=C2C=CC=CC2=C1)C(=O)N[C@H](CC1=CC=CC=C1)C(=O)N[C@@H](CCCCN)C(N)=O;P75-P78
CCC(NC(=O)C1=C(O)C(=NC2=CC=CC=C12)C1=CC=CC=C1)C1=CC=CC=C1;F20-F29
NC1=C(Br)C=C(Br)C=C1CN[C@H]1CC[C@H](O)CC1;J40-J47
[H][C@@]12CC[C@](O)(C(=O)CO)[C@@]1(C)CC(=O)[C@@]1([H])[C@@]2([H])CCC2=CC(=O)C=C[C@]12C;J40-J47
O=C1[O-][Gd+3]234567[O]=C(C[N]2(CC[N]3(CC([O-]4)=O)CC[N]5(CC(=[O]6)NC)CC(=O)[O-]7)C1)NC;G50-G59
[H][C@]12SC(C)(C)[C@@H](N1C(=O)[C@H]2NC(=O)[C@H](N)C1=CC=C(O)C=C1)C(O)=O;K35-K38
[H][C@@]12CC[C@]3(C)[C@]([H])(CC=C4[C@]5([H])[C@@H](C)[C@H](C)CC[C@@]5(CC[C@@]34C)C(=O)O[C@@H]3O[C@H](CO[C@@H]4O[C@H](CO)[C@@H](O[C@@H]5O[C@@H](C)[C@H](O)[C@@H](O)[C@H]5O)[C@H](O)[C@H]4O)[C@@H](O)[C@H](O)[C@H]3O)[C@@]1(C)C[C@@H](O)[C@H](O)[C@@]2(C)CO;S20-S29
NC1=C2N=CN([C@@H]3O[C@H](CO)[C@@H](O)[C@H]3O)C2=NC=N1;R00-R09
C(N1C2=CC=CC=C2N=C1N1CCNCC1)C1=CC=CC=C1;C30-C39
NC1=CC=C(C=C1)S(N)(=O)=O;A75-A79
[H][C@]12SCC(CSC3=NN=NN3C)=C(N1C(=O)[C@]2(NC(=O)CSCC#N)OC)C(O)=O;A30-A49
[H][C@]12SCC(CSC3=NN=NN3C)=C(N1C(=O)[C@H]2NC(=O)C(=N/OC)C1=CSC(N)=N1)C(O)=O;A15-A19
[H][C@@]12CC[C@](O)(C(C)=O)[C@@]1(C)C[C@H](O)[C@@]1(F)[C@@]2([H])C[C@H](C)C2=CC(=O)C=C[C@]12C;H90-H95
[H][C@@]12CC[C@](O)(C(=O)CO)[C@@]1(C)C[C@H](O)[C@@]1([H])[C@@]2([H])CCC2=CC(=O)C=C[C@]12C;I80-I89
C[C@@H]1C[C@H]2[C@@H]3C[C@H](F)C4=CC(=O)C=C[C@]4(C)[C@@]3(F)[C@@H](O)C[C@]2(C)[C@@]1(O)C(=O)SCF;J40-J47
COc1c2OC(=CC(=O)c2c(OC)c3ccoc13)C;J40-J47
CC(C)[C@H](N)C(=O)OCC(CO)OCN1C=NC2=C1NC(N)=NC2=O;P35-P39
[H][C@]12SC(C)(C)[C@@H](N1C(=O)[C@H]2NC(=O)[C@H](N)C1=CC=C(O)C=C1)C(O)=O;H65-H75
CN(C)C(=N)NC(N)=N;E70-E90
NC(=O)NC1NC(=O)NC1=O;S70-S79
[H][C@]12CC3=C(NC4=CC=CC=C34)[C@H](N1C(=O)CN(C)C2=O)C1=CC2=C(OCO2)C=C1;N40-N51
NC1=CC=CC2=C1CN(C1CCC(=O)NC1=O)C2=O;D55-D59
CCC(C)CCCCC(=O)NC(CCN)C(=O)NC(C(C)O)C(=O)NC(CCN)C(=O)NC1CCNC(=O)C(NC(=O)C(CCN)NC(=O)C(CCN)NC(=O)C(CC(C)C)NC(=O)C(CC2=CC=CC=C2)NC(=O)C(CCN)NC1=O)C(C)O;R20-R23
CN1C2=CC=CC=C2C(=N[C@H](NC(=O)C2=CC3=CC=CC4=C3N2CCC4)C1=O)C1=CC=CC=C1;K35-K38
[H][C@@]12OC3=C(OC)C=CC4=C3[C@@]11CCN(C)[C@]([H])(C4)[C@]1(O)CCC2=O;M50-M54
[H][C@]12[C@H](C[C@@H](C)C=C1C=C[C@H](C)[C@@H]2CC[C@@H]1C[C@@H](O)CC(=O)O1)OC(=O)C(C)(C)CC;I95-I99
[H][C@@]1(C[C@@H](C)[C@]2([H])CC(=O)[C@H](C)C=C(C)[C@@H](O)[C@@H](OC)C(=O)[C@H](C)C[C@H](C)C=CC=CC=C(C)[C@H](C[C@]3([H])CC[C@@H](C)[C@@](O)(O3)C(=O)C(=O)N3CCCC[C@@]3([H])C(=O)O2)OC)CC[C@@H](OCCO)[C@@H](C1)OC;D80-D89
OC1=CC=C2C(OC3=CC(O)=CC=C3C22OC(=O)C3=C2C=CC=C3)=C1;H46-H48
CN1C(=O)CC(C1=O)C1=CC=CC=C1;P90-P96
[H][C@@]12CC[C@]3(C)[C@]([H])(CC=C4[C@]5([H])[C@@H](C)[C@H](C)CC[C@@]5(CC[C@@]34C)C(=O)O[C@@H]3O[C@H](CO[C@@H]4O[C@H](CO)[C@@H](O[C@@H]5O[C@@H](C)[C@H](O)[C@@H](O)[C@H]5O)[C@H](O)[C@H]4O)[C@@H](O)[C@H](O)[C@H]3O)[C@@]1(C)C[C@@H](O)[C@H](O)[C@@]2(C)CO;S30-S39
[H][C@@]12CC[C@]3(C)[C@]([H])(CC=C4[C@]5([H])[C@@H](C)[C@H](C)CC[C@@]5(CC[C@@]34C)C(=O)O[C@@H]3O[C@H](CO[C@@H]4O[C@H](CO)[C@@H](O[C@@H]5O[C@@H](C)[C@H](O)[C@@H](O)[C@H]5O)[C@H](O)[C@H]4O)[C@@H](O)[C@H](O)[C@H]3O)[C@@]1(C)C[C@@H](O)[C@H](O)[C@@]2(C)CO;S70-S79
CC(C)OP(=O)(OC(C)C)C(CC1=CC(=C(O)C(=C1)C(C)(C)C)C(C)(C)C)P(=O)(OC(C)C)OC(C)C;Q65-Q79
[H][C@@]12CC[C@](O)(C(=O)CO)[C@@]1(C)C[C@H](O)[C@@]1([H])[C@@]2([H])CCC2=CC(=O)C=C[C@]12C;H43-H45
COC1=CC2=C(NC(=N2)[S@@](=O)CC2=NC=C(C)C(OC)=C2C)C=C1;M45-M49
[N+]1=2[Co-3]345([N+]6=C7[C@H]([C@@](CC(=O)N)(C)[C@@]6([C@@]6(N3C(=C(C)C3=[N+]4C(C(C)(C)[C@@H]3CCC(=O)N)=CC3=[N+]5C(=C7C)[C@@](CC(=O)N)([C@@H]3CCC(=O)N)C)[C@@](C)([C@H]6CC(=O)N)CCC(NC[C@@H](C)OP(=O)(O[C@@H]3[C@H](O[C@H](N(C4=CC(=C(C=C14)C)C)C=2)[C@@H]3O)CO)[O-])=O)[H])C)CCC(=O)N)O[H];T33-T35
[H][C@@]12CC[C@](O)(C(=O)CO)[C@@]1(C)C[C@H](O)[C@@]1([H])[C@@]2([H])CCC2=CC(=O)C=C[C@]12C;H40-H42
CC[C@H](C)[C@H](N)C1=N[C@@H](CS1)C(=O)N[C@@H](CC(C)C)C(=O)N[C@H](CCC(O)=O)C(=O)N[C@@H]([C@@H](C)CC)C(=O)N[C@H]1CCCCNC(=O)[C@H](CC(N)=O)NC(=O)[C@@H](CC(O)=O)NC(=O)[C@H](CC2=CNC=N2)NC(=O)[C@@H](CC2=CC=CC=C2)NC(=O)[C@@H](NC(=O)[C@@H](CCCN)NC1=O)[C@@H](C)CC;L00-L08
CN1C(=O)CC(C)(C1=O)C1=CC=CC=C1;P90-P96
[H][C@@]12CC[C@@](O)(C#C)[C@@]1(C)CC[C@@]1([H])[C@@]2([H])CCC2=CC3=C(C[C@]12C)C=NO3;N80-N98
[H][C@@]12CC(=O)N1[C@@H](C(O)=O)[C@](C)(CN1C=CN=N1)S2(=O)=O;L55-L59
CCCN1CCCC[C@H]1C(=O)NC1=C(C)C=CC=C1C;O80-O84
CC(SC(=O)C1=CC=CS1)C(=O)NCC(O)=O;J40-J47
CN1CCN(CC2=CC=C(C=C2)C(=O)NC2=CC(NC3=NC=CC(=N3)C3=CN=CC=C3)=C(C)C=C2)CC1;S10-S19
CCC1(C)OC(=O)N(C)C1=O;Q20-Q28
CC(C)NCC(O)COC1=CC=CC2=CC=CC=C12;Q80-Q89
[Ba++].[O-]S([O-])(=O)=O;K40-K46
CCCOC(=O)CN1C=C(I)C(=O)C(I)=C1;J90-J94
[H][C@]12SCC(CSC3=NN=NN3C)=C(N1C(=O)[C@]2(NC(=O)CSCC#N)OC)C(O)=O;A65-A69
CC[C@H]1OC(=O)[C@H](C)[C@@H](O[C@H]2C[C@@](C)(OC)[C@@H](O)[C@H](C)O2)[C@H](C)[C@@H](O[C@@H]2O[C@H](C)C[C@@H]([C@H]2O)N(C)C)[C@](C)(O)C[C@@H](C)CN(C)[C@H](C)[C@@H](O)[C@]1(C)O;A30-A49
CON=C1/CN(CC1CN)C1=NC2=C(C=C1F)C(=O)C(=CN2C1CC1)C(O)=O;J20-J22
CSCC[C@@H]1NC(=O)[C@H](CC(C)C)NC(=O)[C@H](CCCNC(=N)N)NC(=O)[C@H](CO)NC(=O)[C@@H]2CSSC[C@@H]3NC(=O)[C@H](CO)NC(=O)CNC(=O)[C@@H](NC(=O)[C@H](CSSC[C@H](N)C(=O)N[C@@H](CCCCN)C(=O)NCC(=O)N[C@@H](CCCCN)C(=O)NCC(=O)N[C@@H](C)C(=O)N[C@@H](CCCCN)C(=O)N2)NC(=O)[C@H](CSSC[C@H](NC(=O)[C@H](CCCCN)NC(=O)CNC(=O)[C@H](CO)NC(=O)[C@H](CCCNC(=N)N)NC3=O)C(=O)N)NC(=O)[C@H](CC(=O)O)NC(=O)[C@H](Cc4ccc(O)cc4)NC1=O)[C@@H](C)O;S00-S09
[H][C@]12SC(C)(C)[C@@H](N1C(=O)[C@H]2NC(=O)[C@H](N)C1=CC=C(O)C=C1)C(O)=O;H90-H95
[H][C@]12SCC(CSC3=NN=NN3C)=C(N1C(=O)[C@H]2NC(=O)C(=N/OC)C1=CSC(N)=N1)C(O)=O;B85-B89
CC(C)[C@H](OC(=O)NC[C@H](CC(O)=O)C1=CC=C(Cl)C=C1)OC(=O)C(C)C;Q90-Q99
CC(=O)NS(=O)(=O)C1=CC=C(N)C=C1;H80-H83
N#CC1=CC=C(C=C1)C(N1C=NC=N1)C1=CC=C(C=C1)C#N;N80-N98
CN(C(C)=O)C1=CC=CC(=C1)C1=CC=NC2=C(C=NN12)C(=O)C1=CC=CS1;M70-M79
[O-][N+]1=CC(Cl)=C(NC(=O)C2=CC=C(OC(F)F)C3=C2C2=C(O3)C=CN=C2)C(Cl)=C1;J40-J47
COC1=C2N(C=C(C(O)=O)C(=O)C2=CC(F)=C1N1CCNC(C)C1)C1CC1;J40-J47
CN1C=C(C=N1)C1=C2C=NNC(=O)C3=C2C(N1)=CC(NC(=O)[C@H](N)C1CCCCC1)=C3;C60-C63
NC(=O)OC[C@@H](O)C1=CC=CC=C1Cl;P90-P96
COC1=C2N(C=C(C(O)=O)C(=O)C2=CC=C1N1C[C@@H](C)C[C@H](N)C1)C1CC1;L80-L99
C(N1C2=CC=CC=C2N=C1N1CCNCC1)C1=CC=CC=C1;C15-C26
C[N+](C)(C)C[C@H](O)CC([O-])=O;E50-E64
NC1=NC2=C(N=CN2CCOCP(=O)(OCC(F)(F)F)OCC(F)(F)F)C(SC2=CC=CC=C2)=N1;P35-P39
CC(C)C[C@H](CN)CC(O)=O;J40-J47
NCCCCCC(O)(P(O)(O)=O)P(O)(O)=O;M60-M63
NC1=CC=C(C=C1)S(N)(=O)=O;A15-A19
O.O.O.O.O.O.O.O.O.[Na+].[Na+].[Na+].[H][C@@]1(O[Sb]2(O)(O[Sb]34([O-])O[C@@H](C([O-])=O)[C@@]([H])(O3)[C@]([H])(O4)[C@H](O)CO)O[C@@H](C([O-])=O)[C@@]1([H])O2)[C@H](O)CO;C45-C49
CC1=CC(OCCCC(C)(C)C(O)=O)=C(C)C=C1;I05-I09
[H][C@@]12C[C@@H](C)[C@H](C(=O)CO)[C@@]1(C)C[C@H](O)[C@@]1(F)[C@@]2([H])CCC2=CC(=O)C=C[C@]12C;M00-M03
[H][C@@]12CC3=CC=C(OC4=C5C(CC[N+](C)(C)[C@]5([H])CC5=CC(OC6=C(OC)C=C(CCN1C)C2=C6)=C(O)C=C5)=CC(OC)=C4O)C=C3;R20-R23
[H][C@@]1(C[C@@](C)(OC)[C@@H](O)[C@H](C)O1)O[C@H]1[C@H](C)[C@@H](O[C@]2([H])O[C@H](C)C[C@@H]([C@H]2O)N(C)C)[C@@](C)(C[C@@H](C)C(=O)[C@H](C)[C@@H](O)[C@](C)(O)[C@@H](CC)OC(=O)[C@@H]1C)OC;K20-K31
[Br-].C[N+]1(C)[C@@H]2C[C@H](C[C@@H]1[C@H]3O[C@@H]23)OC(=O)C(O)(c4cccs4)c5cccs5;J40-J47
[H][C@]12SCC(CSC3=NN=NN3C)=C(N1C(=O)[C@]2(NC(=O)CSCC#N)OC)C(O)=O;B00-B09
[I-].[I-].[I-].CC[N+](CC)(CC)CCOC1=CC=CC(OCC[N+](CC)(CC)CC)=C1OCC[N+](CC)(CC)CC;M91-M94
CC(C)[C@H](N)C(=O)OCC(CO)OCN1C=NC2=C1NC(N)=NC2=O;G00-G09
NCC1(CC(O)=O)CCCCC1;G40-G47
CCN1CC(CCN2CCOCC2)C(C1=O)(C1=CC=CC=C1)C1=CC=CC=C1;J80-J84
CCCC(CCC)C(O)=O;G40-G47
[H][C@@]12CC[C@]3(C)[C@]([H])(CC=C4[C@]5([H])[C@@H](C)[C@H](C)CC[C@@]5(CC[C@@]34C)C(=O)O[C@@H]3O[C@H](CO[C@@H]4O[C@H](CO)[C@@H](O[C@@H]5O[C@@H](C)[C@H](O)[C@@H](O)[C@H]5O)[C@H](O)[C@H]4O)[C@@H](O)[C@H](O)[C@H]3O)[C@@]1(C)C[C@@H](O)[C@H](O)[C@@]2(C)CO;T79-T79
[H][C@@]1(CC[C@](CC1)(C#N)C1=CC(OC2CCCC2)=C(OC)C=C1)C(O)=O;J40-J47
NCC1(CC(O)=O)CCCCC1;G50-G59
COc1ccc(C[C@@H](C)NC[C@H](O)c2ccc(O)c3NC(=O)C=Cc23)cc1;J40-J47
N[C@@H]1CONC1=O;F00-F09
C(N1C2=CC=CC=C2N=C1N1CCNCC1)C1=CC=CC=C1;R10-R19
COC1=CC(NC(C)CCCN)=C2N=CC=CC2=C1;I10-I15
CC[C@H]1OC(=O)[C@H](C)[C@@H](O[C@H]2C[C@@](C)(OC)[C@@H](O)[C@H](C)O2)[C@H](C)[C@@H](O[C@@H]2O[C@H](C)C[C@@H]([C@H]2O)N(C)C)[C@](C)(O)C[C@@H](C)CN(C)[C@H](C)[C@@H](O)[C@]1(C)O;B15-B19
CN(C)CCOC(C)(C1=CC=CC=C1)C1=CC=CC=N1;O20-O29
NC(=O)NC1NC(=O)NC1=O;T20-T25
[H][C@@]12C[C@@]3([H])[C@]4([H])CCC5=CC(=O)C=C[C@]5(C)[C@@]4(F)[C@@H](O)C[C@]3(C)[C@@]1(OC1(CCCC1)O2)C(=O)COC(C)=O;M15-M19
[H][C@@]12C[C@@]3([H])[C@]4([H])CCC5=CC(=O)C=C[C@]5(C)[C@@]4([H])[C@@H](O)C[C@]3(C)[C@@]1(O[C@@H](O2)C1CCCCC1)C(=O)COC(=O)C(C)C;J40-J47
COC1=C(OCC(O)COC(N)=O)C=CC=C1;M80-M94
[H][C@]12SC(C)(C)[C@@H](N1C(=O)[C@H]2NC(=O)[C@H](N)C1=CC=C(O)C=C1)C(O)=O;I10-I15
[H][C@@]12CC[C@](O)(C(C)=O)[C@@]1(C)C[C@H](O)[C@@]1(F)[C@@]2([H])C[C@H](C)C2=CC(=O)C=C[C@]12C;H15-H22
CC(C)[C@H](N1CCCNC1=O)C(=O)N[C@H](C[C@H](O)[C@H](CC1=CC=CC=C1)NC(=O)COC1=C(C)C=CC=C1C)CC1=CC=CC=C1;E65-E68
CC(C)(C)NCC(O)C1=NC(CO)=C(O)C=C1;J40-J47
[H][C@@]12CC[C@]3(C)[C@]([H])(CC=C4[C@]5([H])[C@@H](C)[C@H](C)CC[C@@]5(CC[C@@]34C)C(=O)O[C@@H]3O[C@H](CO[C@@H]4O[C@H](CO)[C@@H](O[C@@H]5O[C@@H](C)[C@H](O)[C@@H](O)[C@H]5O)[C@H](O)[C@H]4O)[C@@H](O)[C@H](O)[C@H]3O)[C@@]1(C)C[C@@H](O)[C@H](O)[C@@]2(C)CO;T90-T98
CCOC(=O)C=C[C@H](C[C@@H]1CCNC1=O)NC(=O)[C@@H](CC(=O)[C@H](C(C)C)NC(=O)C1=NOC(C)=C1)CC1=CC=C(F)C=C1;G00-G09
[H][C@@]12CC[C@](O)(C(=O)CO)[C@@]1(C)CC(=O)[C@@]1([H])[C@@]2([H])CCC2=CC(=O)C=C[C@]12C;N20-N23
[Ba++].[O-]S([O-])(=O)=O;K80-K87
[N+]1=2[Co-3]345([N+]6=C7[C@H]([C@@](CC(=O)N)(C)[C@@]6([C@@]6(N3C(=C(C)C3=[N+]4C(C(C)(C)[C@@H]3CCC(=O)N)=CC3=[N+]5C(=C7C)[C@@](CC(=O)N)([C@@H]3CCC(=O)N)C)[C@@](C)([C@H]6CC(=O)N)CCC(NC[C@@H](C)OP(=O)(O[C@@H]3[C@H](O[C@H](N(C4=CC(=C(C=C14)C)C)C=2)[C@@H]3O)CO)[O-])=O)[H])C)CCC(=O)N)O[H];S40-S49
CC(C)[C@H](N)C(=O)OCCOCN1C=NC2=C1NC(N)=NC2=O;G50-G59
[Gd+3].CC(O)CN1CCN(CC([O-])=O)CCN(CC([O-])=O)CCN(CC([O-])=O)CC1;G30-G32
COC1=C(CC=C(/C)CCC(=O)OCCN2CCOCC2)C(O)=C2C(=O)OCC2=C1C;M30-M36
O.O.O.O.O.O.O.O.O.[Na+].[Na+].[Na+].[H][C@@]1(O[Sb]2(O)(O[Sb]34([O-])O[C@@H](C([O-])=O)[C@@]([H])(O3)[C@]([H])(O4)[C@H](O)CO)O[C@@H](C([O-])=O)[C@@]1([H])O2)[C@H](O)CO;C73-C75
CC(C)(C)CC(C)(C)C1=CC=C(O)C(CC2=C(Cl)C=C(Cl)C=C2)=C1;J40-J47
COC1=C(CC2=CN(C)C3=C2C=C(NC(=O)OC2CCCC2)C=C3)C=CC(=C1)C(=O)NS(=O)(=O)C1=CC=CC=C1C;J40-J47
CN1C2=C(N(CC(O)CO)C=N2)C(=O)N(C)C1=O;J40-J47
[H][C@@]12CC3=C(C=C(NC(=O)CNC(C)(C)C)C(O)=C3C(=O)C1=C(O)[C@]1(O)C(=O)C(C(N)=O)=C(O)[C@@H](N(C)C)[C@]1([H])C2)N(C)C;L55-L59
C[C@@H]1CC2=CC3=C(OCO3)C=C2C(=NN1C(C)=O)C1=CC=C(N)C=C1;G40-G47
[H][C@@]12CC[C@](O)(C(=O)CO)[C@@]1(C)CC(=O)[C@@]1([H])[C@@]2([H])CCC2=CC(=O)C=C[C@]12C;N00-N08
CCC(CC)(CC(=O)NC1=CC(C=CC2=NC(=CS2)C2CCC2)=CC=C1)C(O)=O;J40-J47
[H][C@@]12CC[C@](O)(C(=O)CO)[C@@]1(C)C[C@H](O)[C@@]1([H])[C@@]2([H])CCC2=CC(=O)C=C[C@]12C;T80-T88
COC1=CC=CC=C1OCCNCC(O)COC1=CC=CC2=C1C1=CC=CC=C1N2;I30-I52
[H][C@]1(C)C[C@@]2([H])[C@]3([H])CCC4=CC(=O)C=C[C@]4(C)[C@@]3([H])C(=O)C[C@]2(C)[C@@]1(O)C(=O)CO;J40-J47
NC(=O)NC1NC(=O)NC1=O;T00-T07
[H][C@@]12CC[C@H](O)[C@@]1(C)CC[C@]1([H])C3=C(CC[C@@]21[H])C=C(O)C=C3;M80-M85
[H][C@]12SCC(CSC3=NN=NN3C)=C(N1C(=O)[C@H]2NC(=O)C(=N/OC)C1=CSC(N)=N1)C(O)=O;A65-A69
CC[C@H](C)[C@@H]1NC(=O)[C@H](Cc2ccc(O)cc2)NC(=O)[C@@H](N)CSSC[C@H](NC(=O)[C@H](CC(=O)N)NC(=O)[C@H](CCC(=O)N)NC1=O)C(=O)N3CCC[C@H]3C(=O)N[C@@H](CC(C)C)C(=O)NCC(=O)N;O00-O08
CN1CCN(CC2=CC=C(C=C2)C(=O)NC2=CC(NC3=NC=CC(=N3)C3=CN=CC=C3)=C(C)C=C2)CC1;T80-T88
CN1CCN(CC2=CC=C(C=C2)C(=O)NC2=CC(NC3=NC=CC(=N3)C3=CN=CC=C3)=C(C)C=C2)CC1;T00-T07
CON=C1/CN(CC1CN)C1=NC2=C(C=C1F)C(=O)C(=CN2C1CC1)C(O)=O;J40-J47
[Gd+3].CC(O)CN1CCN(CC([O-])=O)CCN(CC([O-])=O)CCN(CC([O-])=O)CC1;G80-G83
C[C@H]1OC(OC2CC(O)C(C(O)CC(=O)CC(O)C(O)CCC(O)CC(O)CC(O)CC(=O)OC(C)C(C)C(O)C(C)C=CC=CCCC=CC=CC=CC=C2)C(O)=O)[C@@H](O)[C@@H](N)[C@@H]1O;L55-L59
[H][C@]12[C@H](C[C@H](O)C=C1C=C[C@H](C)[C@@H]2CC[C@@H](O)C[C@@H](O)CC(O)=O)OC(=O)[C@@H](C)CC;I00-I02
[H][C@]12SCC(CSC3=NN=NN3C)=C(N1C(=O)[C@]2(NC(=O)CSCC#N)OC)C(O)=O;B65-B83
[H][C@@]12CC[C@](O)(C(C)=O)[C@@]1(C)C[C@H](O)[C@@]1(F)[C@@]2([H])C[C@H](C)C2=CC(=O)C=C[C@]12C;H80-H83
[H][C@]12SCC(CSC3=NN=NN3C)=C(N1C(=O)[C@]2(NC(=O)CSCC#N)OC)C(O)=O;A75-A79
CC(C)[C@H](N)C(=O)N1CCC[C@H]1B(O)O;D65-D69
[H][C@@]12C[C@@H](C)[C@](O)(C(=O)CO)[C@@]1(C)C[C@H](O)[C@@]1([H])[C@@]2([H])[C@H](Cl)CC2=CC(=O)C=C[C@]12C;M05-M14
[H][C@]1(C[C@@H]2CC[N@]1C[C@@H]2C=C)[C@H](O)C1=CC=NC2=CC=C(OC)C=C12;M15-M19
CCN1N=CC2=C(NC3CCOCC3)C(=CN=C12)C1=NN=C(CC2=C(C)N=C(C)S2)O1;G10-G14
OC(C1=CC=CC=C1)(C1=CC=CC=C1)C12CC[N+](CCOCC3=CC=CC=C3)(CC1)CC2;J40-J47
[H][C@@]12CC3=C(C=C(NC(=O)CNC(C)(C)C)C(O)=C3C(=O)C1=C(O)[C@]1(O)C(=O)C(C(N)=O)=C(O)[C@@H](N(C)C)[C@]1([H])C2)N(C)C;L50-L54
NCCCCCC(O)(P(O)(O)=O)P(O)(O)=O;M50-M54
NCCNC1=CC=C(NCCN)C2=C1C(=O)C1=C(C=NC=C1)C2=O;G35-G37
[H][C@@]1(C[C@@](O)(CC2=C(O)C3=C(C(O)=C12)C(=O)C1=C(OC)C=CC=C1C3=O)C(=O)COC(=O)CCCC)O[C@H]1C[C@H](NC(=O)C(F)(F)F)[C@H](O)[C@H](C)O1;L40-L45
[H][C@@]12C[C@@]3([H])C(C(=O)C4=C(O)C=CC=C4[C@@]3(C)O)=C(O)[C@]1(O)C(=O)C(C(=O)NCNCCCC[C@H](N)C(O)=O)=C(O)[C@H]2N(C)C;B99-B99
CC[C@H]1OC(=O)[C@H](C)[C@@H](O[C@H]2C[C@@](C)(OC)[C@@H](O)[C@H](C)O2)[C@H](C)[C@@H](O[C@@H]2O[C@H](C)C[C@@H]([C@H]2O)N(C)C)[C@](C)(O)C[C@@H](C)CN(C)[C@H](C)[C@@H](O)[C@]1(C)O;B90-B94
[H][C@@]12CC[C@H](O)[C@@]1(C)CC[C@@]1([H])[C@@]2([H])CCC2=CC(=O)CC[C@]12C;E40-E46
NC1=CC=C(C=C1)S(N)(=O)=O;B85-B89
CC[C@H]1OC(=O)[C@H](C)[C@@H](O[C@H]2C[C@@](C)(OC)[C@@H](O)[C@H](C)O2)[C@H](C)[C@@H](O[C@@H]2O[C@H](C)C[C@@H]([C@H]2O)N(C)C)[C@](C)(O)C[C@@H](C)CN(C)[C@H](C)[C@@H](O)[C@]1(C)O;B50-B64
[I-].[I-].[I-].CC[N+](CC)(CC)CCOC1=CC=CC(OCC[N+](CC)(CC)CC)=C1OCC[N+](CC)(CC)CC;M40-M54
O.O.O.O.O.O.O.O.O.[Na+].[Na+].[Na+].[H][C@@]1(O[Sb]2(O)(O[Sb]34([O-])O[C@@H](C([O-])=O)[C@@]([H])(O3)[C@]([H])(O4)[C@H](O)CO)O[C@@H](C([O-])=O)[C@@]1([H])O2)[C@H](O)CO;C60-C63
NC1=CC=C(C=C1)S(N)(=O)=O;A65-A69
[H][C@@]12CC[C@](O)(C(=O)CO)[C@@]1(C)C[C@H](O)[C@@]1([H])[C@@]2([H])CCC2=CC(=O)C=C[C@]12C;N10-N16
OCC([NH3+])(CO)CO.CCCCC[C@@](O)(C)C=C[C@H]1[C@@H](O)C[C@H](O)[C@@H]1CC=C/CCCC(=O)[O-];O00-O08
CN1CCN(CC2=CC=C(C=C2)C(=O)NC2=CC(NC3=NC=CC(=N3)C3=CN=CC=C3)=C(C)C=C2)CC1;S30-S39
CC1=C(C)C(=O)C(C(CCCCCC(O)=O)C2=CC=CC=C2)=C(C)C1=O;J40-J47
CN1CCN(CC2=CC=C(C=C2)C(=O)NC2=CC(NC3=NC=CC(=N3)C3=CN=CC=C3)=C(C)C=C2)CC1;S70-S79
[H][C@]1(CO)OC[C@]([H])(O1)N1C=CC(=N)N=C1O;D37-D48
COC1=C(OCC(O)COC(N)=O)C=CC=C1;M91-M94
[H][C@@]12CC[C@](O)(C(=O)CO)[C@@]1(C)C[C@H](O)[C@@]1([H])[C@@]2([H])CCC2=CC(=O)C=C[C@]12C;N00-N08
[H][C@@]12CC[C@@]3(CCC(=O)O3)[C@@]1(C)CC[C@@]1([H])[C@@]2([H])[C@@]([H])(CC2=CC(=O)CC[C@]12C)SC(C)=O;I26-I28
CN1CCN(CC2=CC=C(C=C2)C(=O)NC2=CC(NC3=NC=CC(=N3)C3=CN=CC=C3)=C(C)C=C2)CC1;S20-S29
[H][C@@]12CC[C@H](O)[C@@]1(C)CC[C@@]1([H])[C@@]2([H])CCC2=CC(=O)CC[C@]12C;E50-E64
CCCOC(=O)CN1C=C(I)C(=O)C(I)=C1;J60-J70
[N+]1=2[Co-3]345([N+]6=C7[C@H]([C@@](CC(=O)N)(C)[C@@]6([C@@]6(N3C(=C(C)C3=[N+]4C(C(C)(C)[C@@H]3CCC(=O)N)=CC3=[N+]5C(=C7C)[C@@](CC(=O)N)([C@@H]3CCC(=O)N)C)[C@@](C)([C@H]6CC(=O)N)CCC(NC[C@@H](C)OP(=O)(O[C@@H]3[C@H](O[C@H](N(C4=CC(=C(C=C14)C)C)C=2)[C@@H]3O)CO)[O-])=O)[H])C)CCC(=O)N)O[H];T20-T25
O[C@H]1CCN2Cc3ccccc3N=C12;O10-O16
[H][C@]12SCC(CSC3=NN=NN3C)=C(N1C(=O)[C@H]2NC(=O)C(=N/OC)C1=CSC(N)=N1)C(O)=O;A50-A64
OC1=CC=C2C(OC3=CC(O)=CC=C3C22OC(=O)C3=C2C=CC=C3)=C1;H25-H28
CC(C)C[C@@H]1NC(=O)[C@@H]2CNC(=O)C[C@H](NC(=O)[C@H](CC(=O)N[C@@H]3O[C@H](CO)[C@@H](O)[C@H](O)[C@H]3NC(C)=O)NC1=O)C(=O)N[C@@H](CC1=CNC3=CC=CC=C13)C(=O)N[C@@H](CC1=CC=CC=C1)C(=O)N2;P75-P78
CC(CCC1=CC=C(O)C=C1)NCCC1=CC(O)=C(O)C=C1;I30-I52
OC(=O)C1=CC=C(COC2=CC=CC(O)=C2C=O)C=C1;C97-C97
[H][C@@]12CC(=O)N1[C@@H](C(O)=O)[C@](C)(CN1C=CN=N1)S2(=O)=O;N30-N39
CCC(=C(CC)C1=CC=C(O)C=C1)C1=CC=C(O)C=C1;C15-C26
[H][C@@]1(CCN(CC2=C(C=C(C=C2)C(O)=NC2=CC(NC3=NC=CC(=N3)C3=CN=CN=C3)=C(C)C=C2)C(F)(F)F)C1)N(C)C;M95-M99
COC1=CC=C(CC(C)NCC(O)C2=CC(NC=O)=C(O)C=C2)C=C1;Q30-Q34
CN1CCN(CC2=CC=C(C=C2)C(=O)NC2=CC(NC3=NC=CC(=N3)C3=CN=CC=C3)=C(C)C=C2)CC1;T66-T78
CCCC(C)(COC(N)=O)COC(=O)NC(C)C;M91-M94
[H][C@]12SCC(CSC3=NN=NN3C)=C(N1C(=O)[C@H]2NC(=O)C(=N/OC)C1=CSC(N)=N1)C(O)=O;B90-B94
CCCOC(=O)CN1C=C(I)C(=O)C(I)=C1;J85-J86