NAME,SMILES
np1,CN1C=NC(C[C@H](N)C(O)=O)=C1
np2,NCCCN
np3,CCC(=O)C(O)=O
np4,CCC(O)C(O)=O
np5,[H][C@@]12CCC(=O)[C@@]1(C)CC[C@]1([H])C3=C(CC[C@@]21[H])C=C(O)C(OC)=C3
np6,C[C@@H](O)CC(O)=O
np7,OC[C@H]1O[C@H](C[C@@H]1O)N1C=CC(=O)NC1=O
np8,NC1=NC(=O)N(C=C1)[C@H]1C[C@H](O)[C@@H](CO)O1
np9,[H]C12CC[C@](O)(C(=O)CO)[C@@]1(C)CCC1([H])[C@@]2([H])CCC2=CC(=O)CC[C@]12C
np10,[H][C@@]12CC[C@H](C(=O)CO)[C@@]1(C)CC[C@@]1([H])[C@@]2([H])CCC2=CC(=O)CC[C@]12C
np11,CC1=NC=C(CO)C(C(O)=O)=C1O
np12,CC(C)C(=O)C(O)=O
np13,OC(=O)CC1=CC=C(O)C=C1
np14,N[C@@H](CC1=CC=C(O)C(I)=C1)C(O)=O
np15,COC1=C(O)C=CC(CCN)=C1
np16,C[C@@H](CO)C(O)=O
np17,CCCCCCCCCCCCCCCCCCCCCCCC(=O)N[C@@H](CO[C@@H]1O[C@H](CO)[C@H](O)[C@H](OS(O)(=O)=O)[C@H]1O)[C@H](O)\C=C\CCCCCCCCCCCCC
np18,NC(=O)NCCC(O)=O
np19,CC(O)C(O)C1CNC2=C(N1)C(=O)N=C(N)N2
np20,[H][C@]12CS[C@@H](CCCCC(O)=O)[C@@]1([H])NC(=O)N2
np21,[H][C@@]12CCC(=O)[C@@]1(C)CC[C@@]1([H])[C@@]2([H])CC[C@@]2([H])CC(O)CC[C@]12C
np22,[H][C@@]12CC[C@H]([C@H](C)CCCC(C)C)[C@@]1(C)CC[C@@]1([H])C2=CC=C2C[C@@H](O)CC[C@]12C
np23,NCCC(=O)N[C@@H](CC1=CN=CN1)C(O)=O
np24,NC1=C2NC=NC2=NC=N1
np25,[H][C@@]12C[C@H](O)CCC1(C)C1C[C@H](O)C3(C)C(CCC3C1[C@H](O)C2)C(C)CCC(=O)NCCS(O)(=O)=O
np26,C[C@]12CCC(=O)C=C1CCC1C3CC[C@H](C(=O)CO)[C@]3(C[C@H](O)C21)C=O
np27,CC(O)C(O)C1=NC2=C(NC1)N=C(N)NC2=O
np28,CCCC(O)=O
np29,CC(O)=O
np30,C[N+](C)(C)CC([O-])=O
np31,[H][C@@]1(OC(=O)C(O)=C1O)[C@@H](O)CO
np32,NC1=C2N=CN([C@@H]3O[C@H](COP(O)(O)=O)[C@@H](O)[C@H]3O)C2=NC=N1
np33,OC[C@H]1O[C@H](OC[C@H]2OC(O)[C@H](O)[C@@H](O)[C@@H]2O)[C@H](O)[C@@H](O)[C@H]1O
np34,NC1=C2N=CN([C@@H]3O[C@H](CO)[C@@H](O)[C@H]3O)C2=NC=N1
np35,N
np36,N[C@@H](CCCNC(=N)N[C@@H](CC(O)=O)C(O)=O)C(O)=O
np37,[H][C@@]12CCC(=O)[C@@]1(C)CC[C@@]1([H])[C@@]2([H])CCC2=CC(=O)CC[C@]12C
np38,CC1=C(C=C)\C(NC1=O)=C\C1=C(C)C(CCC(O)=O)=C(CC2=C(CCC(O)=O)C(C)=C(N2)\C=C2/NC(=O)C(C=C)=C2C)N1
np39,OC[C@H]1O[C@@H](O[C@H]2[C@H](O)[C@@H](O)[C@H](O)O[C@@H]2CO)[C@H](O)[C@@H](O)[C@@H]1O
np40,NCCC(O)=O
np41,NC1=NC=NC2=C1N=CN2[C@@H]1O[C@@H]2COP(O)(=O)O[C@H]2[C@H]1O
np42,CC(=O)CC(O)=O
np43,NC1=NC=NC2=C1N=CN2[C@@H]1O[C@H](COP(O)(O)=O)[C@@H](OP(O)(O)=O)[C@H]1O
np44,C[N+](C)(C)C[C@H](O)CC([O-])=O
np45,[H][C@@]12CC[C@@](O)(C(=O)CO)[C@@]1(C)C[C@H](O)[C@@]1([H])[C@@]2([H])CCC2=CC(=O)CC[C@]12C
np46,CN(CC(O)=O)C(N)=N
np47,[H][C@@]12CC[C@H]([C@H](C)CCCC(C)C)[C@@]1(C)CC[C@@]1([H])[C@@]2([H])CC=C2CC(O)CC[C@]12C
np48,CNC[C@H](O)C1=CC(O)=C(O)C=C1
np49,OC(=O)C1CCCCN1
np50,OC[C@H]1O[C@H](C[C@@H]1O)N1C=NC2=C1N=CNC2=O
np51,OC(=O)C\C(=C\C(O)=O)C(O)=O
np52,NCCC1=CC(O)=C(O)C=C1
np53,O=C1CCNC(=O)N1
np54,C[C@]12CCC3C(CC=C4C[C@@H](O)CC[C@]34C)C1CCC2=O
np55,N[C@@H](CS)C(=O)NCC(O)=O
np56,CC1CNC(=O)NC1=O
np57,NC1=NC(=O)N(C=C1)[C@@H]1O[C@H](COP(O)(=O)OP(O)(=O)OP(O)(O)=O)[C@@H](O)[C@H]1O
np58,NC1=NC2=C(N=CN2[C@H]2C[C@H](O)[C@@H](CO)O2)C(=O)N1
np59,C[N+](C)(C)CCOP([O-])(=O)OC[C@@H](O)CO
np60,CNC
np61,NC1=NC(=O)N(C=C1)[C@@H]1O[C@H](CO)[C@@H](O)[C@H]1O
np62,CN(C)CC(O)=O
np63,OC(=O)CC(O)(CC(O)=O)C(O)=O
np64,NC1=NC(=O)N(C=C1)[C@@H]1O[C@H](COP(O)(O)=O)[C@@H](O)[C@H]1O
np65,C[N+](C)(C)CCO
np66,O[C@@H]1COC(O)[C@H](O)[C@H]1O
np67,N[C@@H](CCSC[C@H](N)C(O)=O)C(O)=O
np68,NC1=NC=NC2=C1N=CN2[C@H]1C[C@H](O)[C@@H](CO)O1
np69,OC[C@H](O)[C@@H](O)[C@@H](O)[C@H](O)CO
np70,CCO
np71,NCCCC(O)=O
np72,OCCN(CC(O)CO)P(O)(O)=O
np73,OCC(O)=O
np74,COC1=CC(CC(O)=O)=CC=C1O
np75,OC(=O)C=O
np76,NC1=NC(=O)C2=NC(CNC3=CC=C(C=C3)C(=O)N[C@@H](CCC(O)=O)C(O)=O)=CN=C2N1
np77,OC[C@H]1OC(O)[C@H](O)[C@@H](O)[C@@H]1O
np78,NCC(O)=O
np79,OCC(=O)[C@@H](O)[C@H](O)[C@H](O)COP(O)(O)=O
np80,N[C@@H](CCC(=O)N[C@@H](CS)C(=O)NCC(O)=O)C(O)=O
np81,OC[C@@H](O)COP(O)(O)=O
np82,O[C@H]1O[C@@H]([C@@H](O)[C@H](O)[C@H]1O)C(O)=O
np83,NC(=N)NCC(O)=O
np84,OC(=O)CC1=C(O)C=CC(O)=C1
np85,OCC(O)CO
np86,NC1=NC(=O)C2=C(N1)N=CN2
np87,NC1=NC2=C(N=CN2[C@@H]2O[C@H](CO)[C@@H](O)[C@H]2O)C(=O)N1
np88,OC(=O)\C=C\C(O)=O
np89,[H][C@@]12CC[C@H]([C@H](C)CCC(=O)NCC(O)=O)[C@@]1(C)[C@@H](O)C[C@@]1([H])[C@@]2([H])[C@H](O)CC2C[C@H](O)CC[C@]12C
np90,OC[C@@H](O)C(O)=O
np91,CCCCCCCCCCCCCCCCCCCCCCCC(=O)N[C@@H](CO[C@@H]1O[C@H](CO)C(O)[C@H](O)[C@H]1O)[C@H](O)\C=C\CCCCCCCCCCCCC
np92,OC=O
np93,OC[C@H]1O[C@H](O)[C@H](O)[C@@H](O)[C@H]1O
np94,[H][C@@]12CCC(=O)[C@@]1(C)CC[C@]1([H])C3=C(CC[C@@]21[H])C=C(O)C=C3
np95,N[C@@H](CCC(O)=O)C(O)=O
np96,NCCO
np97,OC[C@H]1OC(=O)[C@H](O)[C@@H](O)[C@@H]1O
np98,[H][C@@]12CC[C@H](O)[C@@]1(C)CC[C@]1([H])C3=C(CC[C@@]21[H])C=C(O)C=C3
np99,OC(=O)C1=C(O)C=CC(O)=C1
np100,[H][C@@]12C[C@@H](O)[C@H](O)[C@@]1(C)CC[C@]1([H])C3=C(CC[C@@]21[H])C=C(O)C=C3
np101,O[C@@H](CC(O)=O)C(O)=O
np102,OC1=NC=NC2=C1NC=N2
np103,N[C@@H](CC1=CC=C(O)C=C1)C(O)=O
np104,N[C@@H](CC1=CC=CC=C1)C(O)=O
np105,C[C@H](N)C(O)=O
np106,OC(=O)[C@@H]1CCCN1
np107,OC[C@H]1O[C@H](O[C@H]2[C@H](O)[C@H](O)[C@@H](O)O[C@@H]2CO)[C@H](O)[C@@H](O)[C@@H]1O
np108,CN
np109,C[C@@H](O)[C@H](N)C(O)=O
np110,N[C@@H](CC(N)=O)C(O)=O
np111,OC[C@H]1OC(O)[C@@H](O)[C@@H](O)[C@@H]1O
np112,CC[C@H](C)[C@H](N)C(O)=O
np113,C[C@@H]1OC(O)[C@@H](O)[C@H](O)[C@@H]1O
np114,O[C@@H]1[C@@H](COP(O)(O)=O)O[C@H]([C@@H]1O)N1C=NC2=C1N=CNC2=O
np115,OC(=O)\C=C/C(O)=O
np116,N[C@@H](CC1=CN=CN1)C(O)=O
np117,N[C@@H](CC1=CC(O)=C(O)C=C1)C(O)=O
np118,NCCCC[C@H](N)C(O)=O
np119,OC[C@H]1O[C@@H](O[C@H]2[C@H](O)[C@@H](O)[C@@H](O)O[C@@H]2CO)[C@H](O)[C@@H](O)[C@H]1O
np120,N[C@@H](CO)C(O)=O
np121,O[C@@H]1[C@@H](COP(O)(=O)OP(O)(=O)OP(O)(O)=O)O[C@H]([C@@H]1O)N1C=NC2=C1N=CN=C2O
np122,C[C@H](O)C(O)=O
np123,N[C@@H](CC(O)=O)C(O)=O
np124,N[C@@H](CSSC[C@H](N)C(O)=O)C(O)=O
np125,OC(C(CC(O)=O)C(O)=O)C(O)=O
np126,CN1C=NC=C1C[C@H](NC(=O)CCN)C(O)=O
np127,OC[C@H]1O[C@H]([C@H](O)[C@@H]1O)N1C=NC2=C1NC=NC2=O
np128,OC(=O)CC1=CNC2=C1C=CC=C2
np129,CC(=O)OC(CC([O-])=O)C[N+](C)(C)C
np130,CC(C(O)=O)C(O)=O
np131,OC(=O)C(=O)CC1=CC=CC=C1
np132,CC(=O)NCCCC[C@H](N)C(O)=O
np133,CCCCCCCC\C=C/CCCCCCCC(O)=O
np134,OC(=O)CCC(=O)C(O)=O
np135,OC(=O)CC1=CC=CC=C1
np136,CC(C)(CO)C(O)C(=O)NCCC(O)=O
np137,O[C@H]1[C@H](O)[C@@H](O)[C@H](O)[C@H](O)[C@@H]1O
np138,CC(=O)N[C@H]1[C@@H](O)O[C@H](CO)[C@H](O)[C@@H]1O
np139,O[C@H]1[C@H](O)[C@H](O)[C@H](OP(O)(O)=O)[C@@H](O)[C@@H]1O
np140,NCCC[C@H](N)C(O)=O
np141,CC(=O)N[C@H]1C(O)O[C@H](CO)[C@@H](O)[C@@H]1O
np142,NC[C@H](O)C1=CC(O)=C(O)C=C1
np143,NC(=O)C1=C[N+](=CC=C1)[C@@H]1O[C@H](CO[P@](O)(=O)O[P@](O)(=O)OC[C@H]2O[C@H]([C@H](OP(O)(O)=O)[C@@H]2O)N2C=NC3=C(N)N=CN=C23)[C@@H](O)[C@H]1O
np144,O[C@H]1[C@@H](O)[C@@H](O[C@@H]1COP(O)(O)=O)N1C(=O)NC(=O)C=C1C(O)=O
np145,CCCCCCCCCCCCCCCC(O)=O
np146,NC(=O)C1=CN(C=CC1)[C@H]1O[C@@H](COP(O)(=O)OP(O)(=O)OC[C@@H]2O[C@@H]([C@@H](OP(O)(O)=O)[C@H]2O)N2C=NC3=C(N)N=CN=C23)[C@H](O)[C@@H]1O
np147,CCCCCCCCCCCCCCCC(=O)O[C@H](CC([O-])=O)C[N+](C)(C)C
np148,OC(=O)CC(=O)C(O)=O
np149,NCCOP(O)(O)=O
np150,OC(=O)CCCC(=O)C(O)=O
np151,OC(=O)C1=CC(=O)NC(=O)N1
np152,CC(O)(CCO)CC(O)=O
np153,OC1=CC=CC=C1
np154,NC(=O)C1=CC=C[N+](=C1)[C@@H]1O[C@H](COP(O)([O-])=O)[C@@H](O)[C@H]1O
np155,CC(=O)N[C@@H]1[C@@H](O)C[C@](O)(O[C@H]1[C@H](O)[C@H](O)CO)C(O)=O
np156,OC(=O)C1=CC=CN=C1C(O)=O
np157,[H][C@@]12CC[C@H](O)[C@@]1(C)CC[C@@]1([H])[C@@]2([H])CCC2=CC(=O)CC[C@]12C
np158,CC1=C(CCO)SC=[N+]1CC1=CN=C(C)N=C1N
np159,CCC(O)=O
np160,C[C@H](O)C(=O)C1=NC2=C(NC1)NC(N)=NC2=O
np161,CC1=C(O)C(CO)=C(CO)C=N1
np162,[O-]S([O-])=O
np163,CC1=C(CCC(O)=O)/C2=C/C3=N/C(=C\C4=C(C)C(C=C)=C(N4)/C=C4\N=C(\C=C\1/N\2)C(C=C)=C4C)/C(C)=C3CCC(O)=O
np164,CC(=O)C(O)=O
np165,CC1=C(C)C=C2N(C[C@H](O)[C@H](O)[C@H](O)CO)C3=NC(=O)NC(=O)C3=NC2=C1
np166,NCC1=C(CC(O)=O)C(CCC(O)=O)=CN1
np167,C1CCOC1
np168,OC[C@H](O)[C@@H](O)[C@H](O)[C@H](O)CO
np169,N[C@@H](CC1=CC(I)=C(OC2=CC(I)=C(O)C(I)=C2)C(I)=C1)C(O)=O
np170,[O-]P([O-])(=O)OP([O-])([O-])=O
np171,NCCS(O)(=O)=O
np172,CCCCCCCCCCCCC\C=C\C(O)C(N)CO
np173,[H][C@@]12CC[C@H](C(C)=O)[C@@]1(C)CC[C@@]1([H])C2CC=C2C[C@H](O)CC[C@]12C
np174,OC(=O)CCC(O)=O
np175,CC(C)=CCC\C(C)=C/CC\C(C)=C\CC\C=C(/C)CC\C=C(/C)CCC=C(C)C
np176,[O-]S([S-])(=O)=O
np177,OC[C@H]1O[C@@](CO)(O[C@H]2O[C@H](CO)[C@@H](O)[C@H](O)[C@H]2O)[C@@H](O)[C@@H]1O
np178,NCCC1=CNC2=CC=C(O)C=C12
np179,CC1=CNC(=O)NC1=O
np180,OC(=O)C(=C)OP(O)(O)=O
np181,N[C@@H](CC1=CC(I)=C(OC2=CC(I)=C(O)C=C2)C(I)=C1)C(O)=O
np182,OC(=O)[C@@H]1CCC(=O)N1
np183,[H][C@@]12CC[C@H](C(=O)CO)[C@@]1(C)C[C@H](O)[C@@]1([H])C2CC[C@]2([H])C[C@H](O)CC[C@]12C
np184,CCCCCCCCCCCCCCC[C@@H](O)[C@@H](N)CO
np185,CNCC(O)=O
np186,N[C@@H](COP(O)(O)=O)C(O)=O
np187,CC1=CN([C@H]2C[C@H](O)[C@@H](CO)O2)C(=O)NC1=O
np188,CCCCCCCCCCCCC\C=C\C(O)C(N)COP(O)(O)=O
np189,N[C@@H](CCCCN[C@@H](CCC(O)=O)C(O)=O)C(O)=O
np190,O[C@H]1[C@@H](O)[C@@H](O[P@](O)(=O)OP(O)(O)=O)O[C@@H]1COP(O)(O)=O
np191,OC[C@H]1OC(O)[C@H](O)[C@@H]1O
np192,O[C@H]1[C@@H](O)[C@@H](O[C@@H]1COP(O)(=O)OP(O)(=O)OP(O)(O)=O)N1C=CC(=O)NC1=O
np193,OC[C@@H]1OC(OP(O)(=O)OP(O)(=O)OC[C@@H]2O[C@@H]([C@@H](O)[C@H]2O)N2C=CC(=O)NC2=O)[C@@H](O)[C@H](O)[C@H]1O
np194,O[C@H]1[C@@H](O)[C@@H](O[C@@H]1COP(O)(O)=O)N1C=CC(=O)NC1=O
np195,O=C1NC2=C(N1)C(=O)NC(=O)N2
np196,CC(=O)N[C@@H]1[C@@H](O)[C@H](O)[C@@H](CO)O[C@@H]1OP(O)(=O)OP(O)(=O)OC[C@H]1O[C@H]([C@H](O)[C@@H]1O)N1C=CC(=O)NC1=O
np197,COC1=C(O)C=CC(=C1)[C@H](O)C(O)=O
np198,O=C1NC2=C(NC=N2)C(=O)N1
np199,O[C@@H]1[C@@H](COP(O)(=O)OP(O)(=O)OP(O)(O)=O)O[C@H]([C@@H]1O)N1C=NC2=C1N=C(O)N=C2O
np200,NC(N)=O
np201,O[C@H]1[C@@H](O)[C@@H](O[C@@H]1COP(O)(=O)OP(O)(O)=O)N1C=CC(=O)NC1=O
np202,OC[C@H]1O[C@H]([C@H](O)[C@@H]1O)N1C=CC(=O)NC1=O
np203,OC[C@H]1O[C@H]([C@H](O)[C@@H]1O)N1C=NC2=C1N=C(O)N=C2O
np204,O=C1NC=CC(=O)N1
np205,OC(=O)\C=C\C1=CNC=N1
np206,OC[C@H]1O[C@H](O[P@@](O)(=O)O[P@@](O)(=O)OC[C@H]2O[C@H]([C@H](O)[C@@H]2O)N2C=CC(=O)NC2=O)[C@H](O)[C@@H](O)[C@H]1O
np207,NCCC1=CNC2=CC=CC=C12
np208,CC(=O)NC1C(O)C(O)C(CO)OC1OP(O)(=O)OP(O)(=O)OCC1OC(C(O)C1O)N1C=CC(=O)NC1=O
np209,C\C(=C/CO)\C=C\C=C(/C)\C=C\C1=C(C)CCCC1(C)C
np210,NCCC1=CC=C(O)C=C1
np211,[H][C@@]12CC[C@H]([C@H](C)CCC(O)=O)[C@@]1(C)[C@@H](O)C[C@@]1([H])[C@@]2([H])[C@H](O)C[C@]2([H])C[C@H](O)C[C@@H](O)[C@]12C
np212,[H][C@@]12CC[C@H]([C@H](C)CCC(O)=O)[C@@]1(C)CC[C@@]1([H])[C@@]2([H])CC=C2C[C@@H](O)CC[C@]12C
np213,[H][C@@]12C[C@H](O)C[C@@]1(C)CC[C@@]1([H])[C@@]2([H])CCC2CC(O)=CC(=O)[C@]12C
np214,COC(=O)CC(C)=O
np215,[H][C@@]12CC[C@H]([C@H](C)CCC(O)=O)[C@@]1(C)[C@@H](O)C[C@@]1([H])[C@@]2([H])[C@H](O)C[C@]2([H])[C@@H](O)[C@@H](O)CC[C@]12C
np216,[H][C@@]12CC[C@H]([C@H](C)CCC(O)=O)[C@@]1(C)[C@H](O)C[C@@]1([H])[C@@]2([H])[C@H](O)C[C@]2([H])C[C@H](O)CC[C@]12C
np217,[H][C@@]12C[C@H](O)C(=O)[C@@]1(C)CC[C@]1([H])C3=C(CC[C@@]21[H])C=C(O)C=C3
np218,[H][C@@]12CC[C@](O)(C(=O)CO)[C@@]1(C)C[C@H](O)[C@@]1([H])[C@@]2([H])CC[C@@]2([H])C[C@@H](O)CC[C@]12C
np219,[H][C@@]12C[C@@H](O)[C@H](C(C)=O)[C@@]1(C)CC[C@@]1([H])[C@@]2([H])CC=C2C[C@@H](O)CC[C@]12C
np220,[H][C@@]12C[C@H](O)[C@@H](O)C[C@]1(C)C1C[C@H](O)[C@]3(C)C(CCC3C1[C@H](O)C2)[C@@H](C)CCC(O)=O
np221,CC[C@@H](C)[C@@H](O)C(O)=O
np222,OCC(O)C1=CC(O)=C(O)C=C1
np223,[H][C@@]12CC[C@H](C(=O)CO)[C@@]1(CO)C[C@H](O)[C@@]1([H])[C@@]2([H])CCC2=CC(=O)CC[C@]12C
np224,[H][C@@]12CCC([C@@H](C)CCC(O)=O)[C@@]1(C)CC[C@@]1([H])[C@@]2([H])[C@H](O)C[C@]2([H])[C@@H](O)[C@H](O)CC[C@]12C
np225,OC(CCCC(O)=O)C(O)=O
np226,C[C@]12CCC3C(CC=C4C[C@@H](O)CC[C@]34C)C1CC(=O)[C@@H]2O
np227,NC1CCCNC1=O
np228,[H][C@@]12C[C@@H](O)C[C@@]1(C)CC[C@@]1([H])[C@@]2([H])CCC2CC(O)=CC(=O)[C@]12C
np229,OC(CCCCC(O)=O)CC(O)=O
np230,C[C@H](CCC(O)=O)C1CCC2C3CCC4C[C@H](O)C[C@@H](O)[C@]4(C)C3C[C@H](O)[C@]12C
np231,[H][C@@]1(CC[C@@]2([H])[C@]3([H])CC[C@]4([H])C[C@H](O)CC[C@]4(C)[C@@]3([H])CC(=O)[C@]12C)[C@H](C)CCC(O)=O
np232,CCC(C(O)=O)C1=CC=CC=C1
np233,C[C@@H](CCC(O)=O)C1CCC2C3CCC4[C@@H](O)[C@H](O)CC[C@]4(C)C3C[C@H](O)[C@]12C
np234,[H][C@@]1(CC[C@@]2([H])[C@]3([H])[C@@H](O)C[C@]4([H])C[C@H](O)CC[C@]4(C)[C@@]3([H])C[C@H](O)[C@]12C)[C@H](C)CCC(=O)NCC(O)=O
np235,[H][C@@]12CC[C@@](O)(C(=O)CO)[C@]1(C[C@H](O)[C@@]1([H])[C@@]2([H])CCC2=CC(=O)CC[C@]12C)C=O
np236,COC1=CC=C(CC(O)=O)C=C1O
np237,[H][C@@]12C[C@@H](O)C(=O)[C@@]1(C)CC[C@]1([H])C3=C(CC[C@@]21[H])C=C(O)C=C3
np238,C[C@H](CO)C(O)=O
np239,OCC(O)CC(O)=O
np240,[H][C@@]12CC[C@H](O)[C@@]1(C)CC[C@]1([H])C3=C(CC[C@@]21[H])C=C(O)C(O)=C3
np241,CCC(C)C(=O)NCC(O)=O
np242,[H][C@@]12CC[C@H]([C@H](C)CCC(O)=O)[C@@]1(C)[C@@H](O)C[C@@]1([H])[C@@]2([H])[C@H](O)C[C@]2([H])C[C@H](O)CC[C@]12CO
np243,OC(=O)CCCC\C=C\C(O)=O
np244,[H][C@@]12CCC(=O)[C@@]1(C)CC[C@]1([H])C3=C(CC[C@@]21[H])C=C(O)C(O)=C3
np245,[H][C@@]12CC[C@H](O)[C@@]1(C)CC[C@]1([H])C3=C(CC[C@@]21[H])C=C(OC)C(OC)=C3
np246,OC(CCC(O)=O)CC(O)=O
np247,OC[C@@H](O)[C@@H](O)C[C@H](O)C(O)=O
np248,[H][C@@]12C[C@H](O)[C@H](O)[C@@]1(C)CC[C@]1([H])C3=C(CC[C@@]21[H])C=C(O)C=C3
np249,[H][C@@]12CC[C@H]([C@H](C)CCC(O)=O)[C@@]1(C)[C@@H](O)C[C@@]1([H])[C@@]2([H])CC[C@@]2([H])C[C@@H](O)CC[C@]12C
np250,O[C@@H]1COC(=O)[C@@H]1O
np251,OC(CCCCCCC(O)=O)CC(O)=O
np252,C[C@@H](O)[C@H](C)C(O)=O
np253,[H][C@@]12C[C@@H](O)C(=O)[C@@]1(C)CC[C@@]1([H])[C@@]2([H])CC=C2C[C@@H](O)CC[C@]12C
np254,[H][C@@]12[C@H](O)C[C@](O)(CC)[C@@]1(C)CC[C@@]1([H])[C@@]2([H])CCC2CC(O)=CC(=O)[C@]12C
np255,CC(O)C(C)C(O)=O
np256,CC(O)(CC(O)=O)CC(O)=O
np257,C[C@]12CCC3C(CCC4=C3C=CC(O)=C4)C1C[C@@H](O)[C@H]2O
np258,CC(O)CC(O)=O
np259,[H][C@@]1(CC[C@@]2([H])C3[C@H](O)C[C@]4([H])C[C@H](O)CC[C@]4(C)[C@@]3([H])CC[C@]12C)[C@H](C)CCCC(C)C(O)=O
np260,OCCC(O)C(O)=O
np261,[H][C@@]12CC[C@H]([C@H](C)CCC(O)=O)[C@@]1(C)CC[C@@]1([H])[C@@]2([H])[C@H](O)C[C@]2([H])C[C@@H](O)CC[C@]12C
np262,OCC(OP(O)(O)=O)C(O)=O
np263,[H][C@@]12CC[C@](O)(C(C)=O)[C@@]1(C)CC[C@@]1([H])[C@@]2([H])CC=C2C[C@@H](O)CC[C@]12C
np264,[H][C@@]12CC[C@H]([C@H](C)CCC(O)=O)[C@@]1(C)CC[C@@]1([H])[C@@]2([H])[C@@H](O)[C@H](O)[C@]2([H])C[C@H](O)CC[C@]12C
np265,[H][C@@]12CCC(=O)[C@@]1(C)CC[C@@]1([H])[C@@]2([H])CCC2C[C@@H](O)CC[C@]12C
np266,OC[C@@H](O)[C@@H](O)CC(O)=O
np267,[H][C@@]12CC[C@H]([C@H](C)CCC(O)=O)[C@@]1(C)[C@@H](O)C[C@@]1([H])[C@@]2([H])[C@@H](O)[C@@H](O)[C@]2([H])C[C@H](O)CC[C@]12C
np268,O[C@H](CCCC(O)=O)C(O)=O
np269,C[C@]12CCC3C(CCC4C[C@@H](O)CC[C@]34C)C1CC[C@@H]2O
np270,NC(CP(O)(O)=O)C(O)=O
np271,[H][C@@]12CC[C@H]([C@H](C)CCC(O)=O)[C@@]1(C)C(O)C[C@@]1([H])[C@@]2([H])CCC2CC(O)CC(O)[C@]12C
np272,C[C@]12CCC3C(CCC4=C3C=CC(O)=C4)C1CC(=O)C2=O
np273,[H][C@@]12CC[C@](O)(C(C)=O)[C@@]1(C)CC[C@@]1([H])[C@@]2([H])CCC2=CC(=O)CC[C@]12C
np274,OC(=O)CCC1=CC=CC(O)=C1
np275,[H][C@@]12CC[C@H]([C@H](C)CCC(O)=O)[C@@]1(C)[C@@H](O)C[C@@]1([H])[C@@]2([H])[C@H](O)C[C@@]2([H])C[C@@H](O)CC[C@]12C
np276,[H][C@@]12CC[C@H]([C@H](C)CCC(O)=O)[C@@]1(C)[C@H](O)C[C@@]1([H])[C@@]2([H])[C@@H](O)[C@@H](O)[C@]2([H])C[C@H](O)CC[C@]12C
np277,CCC(C)C(=O)OC(CC([O-])=O)C[N+](C)(C)C
np278,CC(C(O)=O)C(O)(CC(O)=O)C(O)=O
np279,[H][C@@]12CC[C@H](O)[C@@]1(C)CC[C@]1([H])C3=C(CC[C@@]21[H])C=C(OC)C(O)=C3
np280,C[C@@H](CCC(O)=O)C1CCC2C3CCC4C[C@H](O)CC[C@]4(C)C3CC[C@]12C
np281,[H][C@@]12CC[C@](O)(CCO)[C@@]1(C)CC[C@@]1([H])[C@@]2([H])CCC2CC(O)=CC(=O)[C@]12C
np282,C[C@]12CCC3C(CCC4C[C@H](O)CC[C@]34C)C1CC[C@H]2O
np283,[H][C@@]12CC[C@H]([C@H](C)CCC(O)=O)[C@@]1(C)CC[C@@]1([H])[C@@]2([H])[C@H](O)CC2C[C@H](O)CC[C@]12C
np284,C[C@H](CCC(O)=O)C1CCC2C3C=CC4=CC(=O)CC[C@]4(C)C3C[C@H](O)[C@]12C
np285,[H][C@@]12C[C@H](C[C@@]1(C)CC[C@@]1([H])[C@@]2([H])CCC2CC(O)=CC(=O)[C@]12C)OS(O)(=O)=O
np286,CCCCCCCCCC(O)CC(O)=O
np287,[H][C@@]12CC(O)C[C@@]1(C)CC[C@@]1([H])[C@@]2([H])CCC2CC(O)=CC(=O)[C@]12C
np288,CCC(=O)C1=NC2=C(NC1)NC(N)=NC2=O
np289,[H][C@@]12CC[C@H]([C@H](C)CCC(O)=O)[C@@]1(C)[C@H](O)C[C@@]1([H])[C@@]2([H])[C@@H](O)C[C@]2([H])C[C@H](O)CC[C@]12C
np290,[H][C@@]12CC[C@H]([C@H](C)CCC(O)=O)[C@@]1(C)[C@@H](O)C[C@@]1([H])[C@@]2([H])C(=O)C[C@]2([H])C[C@H](O)CC[C@]12C
np291,CCCCC\C=C/C(O)=O
np292,OC(=O)C\C=C\CC(O)=O
np293,OC(CCCCCCCCCCC(O)=O)CC(O)=O
np294,[H][C@@]12CC[C@H]([C@H](C)CCC(O)=O)[C@@]1(C)[C@@H](O)C[C@@]1([H])[C@@]2([H])[C@@H](O)C[C@]2([H])C[C@@H](O)CC[C@]12C
np295,CCC(CO)C(O)=O
np296,OC(=O)C1=C(O)C(O)=CC=C1
np297,OC(=O)CCC(=O)CC(O)=O
np298,[H][C@@]12CC[C@H]([C@H](C)CCC(O)=O)[C@@]1(C)[C@@H](O)C[C@@]1([H])[C@@]2([H])[C@H](O)[C@@H](O)[C@]2([H])C[C@H](O)CC[C@]12C
np299,[H][C@@]12CC[C@H]([C@H](C)CCC(O)=O)[C@@]1(C)C(=O)C[C@@]1([H])[C@@]2([H])[C@H](O)C[C@]2([H])C[C@H](O)CC[C@]12C
np300,NC1=NC(O)=NC2=C1NC(O)=N2
np301,CC(C)[C@@](O)(CC(O)=O)C(O)=O
np302,NC1=NC(O)=NC2=C1NC=N2
np303,[H][C@@]12CC[C@H]([C@H](C)CCC(O)=O)[C@@]1(C)CC[C@@]1([H])[C@@]2([H])[C@H](O)C[C@]2([H])C[C@H](O)[C@@H](O)C[C@]12C
np304,[H][C@@]12CC[C@H](O)[C@@]1(C)CC[C@]1([H])C3=C(CC[C@@]21[H])C=C(O)C(OC)=C3
np305,[H][C@@]12CC(=O)[C@H](O)[C@@]1(C)CC[C@]1([H])C3=C(CC[C@@]21[H])C=C(O)C=C3
np306,CC(C)C(O)C(O)=O
np307,CCC(=O)C(C)C(O)=O
np308,C[C@@H](O)CCCC(O)=O
np309,C[C@@H](O)[C@@H](C)C(O)=O
np310,[H][C@@]12CC[C@H]([C@H](C)CCC(O)=O)[C@@]1(C)[C@H](O)C[C@@]1([H])[C@@]2([H])CC[C@]2([H])C[C@H](O)CC[C@]12C
np311,C[C@]12CCC3C(CCC4C[C@@H](O)CC[C@]34C)C1CC[C@H]2O
np312,OC(CCCCCCCCC(O)=O)CC(O)=O
np313,[H][C@@]12CC[C@H]([C@H](C)CCC(O)=O)[C@@]1(C)CC[C@@]1([H])[C@@]2([H])[C@H](O)C[C@]2([H])C[C@H](O)C[C@@H](O)[C@]12C
np314,[H][C@@]12CC[C@H]([C@H](C)CCC(O)=O)[C@@]1(C)CC[C@@]1([H])[C@@]2([H])[C@@H](O)[C@@H](O)[C@]2([H])C[C@H](O)CC[C@]12C
np315,[H][C@@]12CC[C@](O)(C(C)=O)[C@@]1(C)CC[C@@]1([H])[C@@]2([H])CC=C2CC(CC[C@]12C)OS(O)(=O)=O
np316,CC(C)CCC[C@@H](C)CCC[C@@H](C)CCC[C@@H](C)CC(O)=O
np317,[H][C@@]12CC[C@@](O)(C(=O)CO)[C@@]1(CO)C[C@H](O)[C@@]1([H])[C@@]2([H])CCC2=CC(=O)CC[C@]12C
np318,[H][C@@]12CC[C@H]([C@H](C)CCC(O)=O)[C@@]1(C)[C@@H](O)C[C@@]1([H])[C@@]2([H])[C@H](O)C[C@]2([H])C[C@@H](O)CC[C@]12C
np319,CCC(O)C(O)C(O)=O
np320,CC(CCC(O)=O)C(O)=O
np321,OC(=O)CCC1=CC=C(O)C(O)=C1
np322,OC(CCCCCCCC(O)=O)C(O)=O
np323,OC[C@H](O)[C@@H](O)[C@H](O)[C@H](O)[C@@H](O)CC(=O)C(O)=O
np324,CC(O)(CC(O)=O)C(O)=O
np325,[H][C@@]12CC[C@H]([C@H](C)CCC(O)=O)[C@@]1(C)[C@@H](O)C[C@@]1([H])[C@@]2([H])[C@@H](O)C[C@@]2([H])C[C@@H](O)CC[C@]12C
np326,OC(CC(O)=O)CC(O)=O
np327,[H][C@@]12CC[C@@H](O)[C@@]1(C)CC[C@]1([H])C3=C(CC[C@@]21[H])C=C(O)C=C3
np328,C[C@H](CCC(O)C(C)(C)O)[C@H]1CC[C@@]2([H])\C(CCC[C@]12C)=C\C=C1\C[C@H](O)CCC1=C
np329,[H][C@@]12C[C@H](O)[C@@H](O)[C@@]1(C)CC[C@]1([H])C3=C(CC[C@@]21[H])C=C(O)C=C3
np330,[H][C@@]12CC[C@H]([C@H](C)CCC(O)=O)[C@@]1(C)[C@@H](O)C[C@@]1([H])[C@@]2([H])[C@@H](O)C[C@@]2([H])C[C@H](O)CC[C@]12C
np331,[H][C@@]12CC[C@H]([C@H](C)CCC(O)=O)[C@@]1(C)C(O)C[C@@]1([H])[C@@]2([H])C(O)CC2CC(O)CC(O)[C@]12C
np332,COC1=CC=C(CC(O)=O)C=C1OC
np333,[H][C@@]12CC[C@H]([C@H](C)CCC(O)=O)[C@@]1(C)[C@@H](O)C[C@@]1([H])[C@@]2([H])[C@H](O)C[C@]2([H])[C@@H](O)[C@H](O)CC[C@]12C
np334,[H][C@@]12CC[C@H]([C@H](C)CCC(O)=O)[C@@]1(C)[C@@H](O)C[C@@]1([H])[C@@]2([H])CC[C@]2([H])C[C@@H](O)CC[C@]12C
np335,OC(=O)CNC(=O)C1=CC=CO1
np336,OC(=O)CC1=CC=CC(O)=C1
np337,C[C@H](O)CC(O)=O
np338,OC(=O)C1=COC=C1
np339,[H][C@@](O[C@@H]1O[C@H](CO)[C@H](O)[C@H](O[C@@]2([H])O[C@H](CO)[C@H](O)[C@H](O)[C@H]2NC(C)=O)[C@H]1O[C@]1([H])O[C@@H](C)[C@@H](O)[C@@H](O)[C@@H]1O)([C@H](O)CO)[C@H](O)[C@@H](O)C=O
np340,CC(=O)NC(CCCCN)C(O)=O
np341,[H][C@@]12CC[C@H]([C@H](C)CCC(O)=O)[C@@]1(C)[C@@H](O)C[C@@]1([H])[C@@]2([H])[C@H](O)CC2=CC(=O)CC[C@]12C
np342,OC(=O)CCCCC(O)=O
np343,[H][C@@]12CC[C@H](C(=O)CO)[C@@]1(C)C[C@H](O)[C@@]1([H])[C@@]2([H])CC[C@@]2([H])C[C@H](O)CC[C@]12C
np344,NC[C@H](O)CC[C@H](N)C(O)=O
np345,OC1CCC(CC(O)=O)CC1
np346,CC[C@H](N)C(O)=O
np347,CC1CCCC(=O)O1
np348,N[C@@H](CCSCC(N)C(O)=O)C(O)=O
np349,[H][C@@]12CC[C@@H](O)[C@@]1(C)CC[C@@]1([H])[C@@]2([H])CC[C@@]2([H])C[C@H](O)CC[C@]12C
np350,CC(C)=CC(=O)NCC(O)=O
np351,[H][C@@]12CCC([C@H](C)CCC(O)=O)[C@@]1(C)CC[C@@]1([H])[C@@]2([H])[C@@H](O)C[C@@]2([H])CC(=O)CC[C@]12C
np352,NC(=O)NC1NC(=O)NC1=O
np353,[Ca++]
np354,CC1=CNC2=C1C=CC=C2
np355,[H][C@@]12CCC([C@@H](C)CCC(O)=O)[C@@]1(C)CC[C@@]1([H])[C@@]2([H])C(=O)C[C@]2([H])C[C@H](O)CC[C@]12C
np356,C[C@H](O)[C@H](O)C1=NC2=C(NC(N)=NC2=O)N=C1
np357,OCC1=CNC(=O)NC1=O
np358,NC(CC1=CNC2=C1C=C(O)C=C2)C(O)=O
np359,CN(C)C1=NC=NC2=C1NC=N2
np360,CCC(C)=O
np361,[H][C@@]12CC[C@H]([C@H](C)CCC(O)=O)[C@@]1(C)CC[C@@]1([H])[C@@]2([H])C=CC2=CC(=O)CC[C@]12C
np362,CCCCC\C=C/C\C=C/CCCCCC(O)=O
np363,[H][C@@]12CCC([C@H](C)CCC(O)=O)[C@@]1(C)[C@@H](O)C[C@@]1([H])[C@@]2([H])CC[C@@]2([H])C[C@H](O)CC[C@]12C
np364,CN1C=NC=C1C[C@H](N)C(O)=O
np365,OC[C@H]1O[C@H]([C@H](O)[C@@H]1O)N1N=CC2=C1NC=NC2=O
np366,CCCCCCCC(O)=O
np367,[H]C1CC([C@@H](C)C[C@H](O)CC(C)(C)O)[C@]2(C)C1[C@]1([H])[C@H](O)C[C@]3([H])C[C@H](O)CC[C@]3(C)[C@@]1([H])C[C@@H]2O
np368,COC1=C(O)C=CC(=C1)C(O)=O
np369,CC(O)CCCCCC(O)=O
np370,CC1=C(C=C)\C(NC1=O)=C\C1=C(C)C(CCC(O)=O)=C(CC2=C(CCC(O)=O)C(C)=C(N2)\C=C2\NC(=O)C(C=C)=C2C)N1
np371,CC(=O)N[C@@H]1[C@@H](O)[C@H](O)[C@@H](CO)O[C@H]1NC(=O)C[C@H](N)C(O)=O
np372,[H][C@@]12CCC(=O)[C@@]1(C)CC[C@@]1([H])[C@@]2([H])CC[C@]2([H])C[C@]([H])(O)CC[C@]12C
np373,CCC(C)C(=O)C(O)=O
np374,[Cl-]
np375,[H][C@]1(O)CC[C@@]2([H])[C@]3([H])CC[C@@]4([H])C[C@@]([H])(O)CC[C@]4(C)[C@@]3([H])CC[C@]12C
np376,CC[C@H](CC[C@@H](C)[C@H]1CC[C@H]2[C@@H]3CCC4C[C@@H](O)CC[C@]4(C)[C@H]3CC[C@]12C)C(C)C
np377,[H][C@@]12CCC(O)[C@@]1(C)CC[C@@]1([H])[C@@]2([H])CC[C@@]2([H])C[C@H](O)CC[C@]12C
np378,COC1=CC(=CC=C1O[C@@H]1O[C@@H]([C@@H](O)[C@H](O)[C@H]1O)C(O)=O)C(O)CO
np379,OC[C@H]1O[C@H]([C@H](O)[C@@H]1O)N1CCC(=O)NC1=O
np380,C[C@@H](O)[C@@H](O)C(O)=O
np381,CCCCCCCC\C=C\CCCC(O)=O
np382,OC(=O)C1=CC=C(O)C=C1
np383,[H][C@@]12CCC([C@H](C)CCCC(C)C)[C@@]1(C)CC[C@@]1([H])[C@@]2([H])C(=O)C=C2CC(O)CC[C@]12C
np384,[H][C@]1(CC[C@@]2([H])[C@]3([H])[C@H](O)C[C@]4([H])CC(=O)CC[C@]4(C)[C@@]3([H])C[C@@H](O)[C@]12C)[C@H](C)CCC(O)=O
np385,[H][C@@]12CCC([C@H](C)CCC(O)=O)[C@@]1(C)CC[C@@]1([H])[C@@]2([H])[C@H](O)C[C@]2([H])CC(=O)CC[C@]12C
np386,[H][C@@]1(CC[C@@]2([H])[C@]3([H])[C@H](O)C[C@@]4([H])C[C@H](O)CC[C@]4(C)[C@@]3([H])CC(O)[C@]12C)[C@H](C)CCC(O)=O
np387,[H][C@@]12CCC([C@H](C)CCC(O)=O)[C@@]1(C)CC[C@@]1([H])[C@@]2([H])[C@H](O)[C@@H](O)[C@]2([H])C[C@H](O)CC[C@]12C
np388,OC[C@H](O)[C@H](O)[C@H](O)CO
np389,CC(C)=CC(O)=O
np390,NC(CCCC(O)=O)C(O)=O
np391,CCCCCCCCCC(O)=O
np392,CC(=O)N[C@@H](CC1=CC=CC=C1)C(O)=O
np393,[H][C@@]1(CC[C@@]2([H])[C@]3([H])[C@H](O)C[C@]4([H])C[C@H](O)CC[C@]4(C)[C@@]3([H])C[C@H](O)[C@]12C)[C@H](C)C[C@@H](O)CC(C)(C)O
np394,[H][C@@]12CCC([C@H](C)CCC(O)=O)[C@@]1(C)CC[C@@]1([H])[C@@]2([H])[C@H](O)C[C@@]2([H])C[C@H](O)CC[C@]12C
np395,OC[C@H]1O[C@@H](O)[C@H](O)[C@@H](O)[C@@H]1O
np396,N[C@@H](CCCNC(N)=N)C(O)=O
np397,[H][C@@]1(CC[C@@]2([H])[C@]3([H])[C@H](O)C[C@]4([H])C[C@H](O)CC[C@]4(C)[C@@]3([H])CC[C@]12C)[C@H](C)CCC(O)=O
np398,[H][C@@]12CCC([C@H](C)CCCC(C)(C)O)[C@@]1(C)[C@@H](O)C[C@@]1([H])[C@@]2([H])[C@H](O)C[C@@]2([H])C[C@H](O)CC[C@]12C
np399,CCCCCCCC\C=C/CCCC(O)=O
np400,C\C(CC(O)=O)=C/C(O)=O
np401,[H][C@@]12C[C@H](O)[C@@H](O)[C@@]1(C)CC[C@@]1([H])[C@@]2([H])CC=C2C[C@@H](O)CC[C@]12C
np402,[H][C@@]12CCC([C@H](C)CCCC(C)(C)O)[C@@]1(C)[C@@H](O)C[C@@]1([H])[C@@]2([H])[C@H](O)C[C@]2([H])C[C@H](O)CC[C@]12C
np403,CC(O)CCCC(O)=O
np404,[H][C@@]12CC[C@](O)(C(=O)CO)[C@@]1(C)C[C@H](O)[C@@]1([H])[C@@]2([H])CC[C@@]2([H])C[C@H](O)CC[C@]12C
np405,[H][C@@]12CC[C@H]([C@H](C)CCC(O)=O)[C@@]1(C)[C@@H](O)C[C@@]1([H])[C@@]2([H])C[C@H](O)C2C[C@H](O)CC[C@]12C
np406,OC(=O)C1CC(=O)NC(=O)N1
np407,CCCCCC\C=C/CCCC(O)=O
np408,[H][C@@]12C[C@@H](O)[C@H](O)[C@@]1(C)CC[C@]1([H])C3=C(C=C(O)C=C3)C(=O)C[C@@]21[H]
np409,CCC(O)CC(O)=O
np410,CC(=O)NCC(O)=O
np411,[H][C@@]12CC[C@H]([C@H](C)CC[C@@H](C)C(C)C)[C@@]1(C)CC[C@@]1([H])[C@@]2([H])CCC2CC(O)CC[C@]12C
np412,CCCCCC(O)=O
np413,O[C@@H]1[C@@H](COP(O)(O)=O)O[C@H]([C@@H]1O)N1C=NC2=C1N=CN=C2NC(CC(O)=O)C(O)=O
np414,NC1=NC=NC2=C1N=CN2[C@@H]1O[C@H](COP(O)(=O)OP(O)(=O)OP(O)(O)=O)[C@@H](O)[C@H]1O
np415,OC[C@@H](O)[C@@H](O)[C@H](O)C(O)=O
np416,[H][C@@]12C[C@@H](O)[C@@H](O)[C@@]1(C)CC[C@@]1([H])[C@@]2([H])CC=C2C[C@@H](O)CC[C@]12C
np417,[H][C@@]12CC[C@H]([C@H](C)CCC(=O)OC)[C@@]1(C)CC[C@@]1([H])[C@@]2([H])C(=O)CC2CC(=O)CC[C@]12C
np418,NC1=NC=NC2=C1NC(O)=N2
np419,OC(=O)CCCC1=CC=CC=C1
np420,CC1=C(CO)C(=O)NC(=O)N1
np421,[H][C@@]1(CC[C@@]2([H])[C@]3([H])[C@@H](C[C@]4([H])C[C@@H](CC[C@]4(C)[C@@]3([H])CC[C@]12C)OS(O)(=O)=O)OS(O)(=O)=O)[C@H](C)CCC(O)=O
np422,[H][C@@]12CCC(=O)[C@@]1(C)CC[C@@]1([H])[C@@]2([H])CC[C@]2([H])C[C@@H](O)CC[C@]12C
np423,[Mg++]
np424,CCCCCCCCCC(=O)OCC(COC(=O)CCCCCCCCC)OC(=O)CCCCCCCCC
np425,O=C1CCCO1
np426,[H][C@@]12C[C@@H](O)[C@H](O)[C@@]1(C)CC[C@@]1([H])[C@@]2([H])CC=C2C[C@@H](O)CC[C@]12C
np427,[H][C@@]12CC[C@H](O)[C@@]1(C)CC[C@@]1([H])[C@@]2([H])CC[C@]2([H])C[C@H](O)CC[C@]12C
np428,CC(CC([O-])=O)CC(=O)OC(CC(O)=O)C[N+](C)(C)C
np429,CC(C)CCC[C@@H](C)CCC[C@@H](C)CCC[C@H](C)CC(O)=O
np430,[H][C@@]12CC[C@H](O)[C@@]1(C)CC[C@@]1([H])[C@@]2([H])CC[C@@]2([H])C[C@H](O)CC[C@]12C
np431,C[C@@H](CCC(O)=O)CC(O)=O
np432,[H][C@@]12CC[C@H]([C@H](C)CCC(O)C(C)(C)O)[C@@]1(C)[C@@H](O)C[C@@]1([H])[C@@]2([H])[C@H](O)CC2C[C@H](O)CC[C@]12C
np433,CC[C@@H](C)[C@H](N)C(O)=O
np434,[H][C@@]12CC[C@H]([C@@H](C)CC(O)CC(C)(C)O)[C@@]1(C)[C@@H](O)C[C@@]1([H])[C@@]2([H])[C@H](O)C[C@@]2([H])C[C@H](O)CC[C@]12C
np435,COC1=C(OS(O)(=O)=O)C=CC(=C1)C(O)CO
np436,CCCCC\C=C/C\C=C/CCCC(O)=O
np437,C\C(\C=C\C=C(/C)\C=C\C1=C(C)CCCC1(C)C)=C/C=C/C=C(\C)/C=C/C=C(\C)/C=C/C1=C(C)CCCC1(C)C
np438,CN1CC(=O)NC1=N
np439,[H][C@](O)(CC1=CC=CC=C1)C(O)=O
np440,CCCCCCCCCCCCCCCC(=O)OC[C@H](COP([O-])(=O)OCC[N+](C)(C)C)OC(=O)CCCCCCCCCCCCCCC
np441,OC[C@@H](O)[C@H](O)[C@H](O)[C@@H](O)C(O)=O
np442,OC(=O)\C=C/C1=CC=CC=C1
np443,OCC(O)C(O)C(O)CO
np444,N[C@@H](CCCC[N+]1=CC(CC[C@H](N)C([O-])=O)=C(C[C@H](N)C(O)=O)C(O)=C1)C(O)=O
np445,CC1=C(CCC(O)=O)/C2=C/C3=N/C(=C\C4=C(C)C(CCC(O)=O)=C(N4)/C=C4\N=C(\C=C\1/N\2)C(C)=C4CCC(O)=O)/C(CCC(O)=O)=C3C
np446,NC(CCCC[N+]1=CC(CC[C@H](N)C(O)=O)=C(CCC[C@H](N)C(O)=O)C(CC[C@H](N)C(O)=O)=C1)C(O)=O
np447,CCCCCCCC\C=C\CCCCCCCC(O)=O
np448,N[C@@H](CS)C(O)=O
np449,NC(CCSSCCC(N)C(O)=O)C(O)=O
np450,CCOC(=O)CC(O)=O
np451,[H][C@@]1(CC[C@@]2([H])[C@]3([H])CC[C@]4([H])C[C@@H](O)CC[C@]4(C)[C@@]3([H])CC[C@]12C)[C@H](C)CCCC(C)C
np452,CC1=C/C2=C/C3=N/C(=C\C4=C(CCC(O)=O)C(C)=C(N4)/C=C4\N=C(C=C4C)\C=C\1/N\2)/C(CCC(O)=O)=C3C
np453,CC(=O)N[C@H]1[C@H](O)O[C@H](OS(O)(=O)=O)[C@H](O)[C@@H]1O[C@@H]1O[C@@H]([C@@H](O)[C@H](O)[C@H]1O)C(O)=O
np454,NC(CC1=CC(I)=C(OC2=CC=C(O)C=C2)C(I)=C1)C(O)=O
np455,CCCCCCCCCCCCCCCCCCCCCC(N)=O
np456,NCC(CC[C@H](N)C(O)=O)O[C@@H]1O[C@H](CO)[C@H](O)[C@H](O)[C@H]1O[C@H]1O[C@H](CO)[C@@H](O)C(O)[C@H]1O
np457,[K+]
np458,[Na+]
np459,OC(=O)CCCC(=O)NCC(O)=O
np460,N[C@H]1[C@H](O)O[C@H](COS(O)(=O)=O)[C@@H](O)[C@@H]1O
np461,CCCCCCCC\C=C/CCCCCCCC(=O)OCC(COP([O-])(=O)OCC[N+](C)(C)C)OC(=O)CCCCCCC\C=C/CCCCCCCC
np462,N[C@@H](CCC(=O)N[C@@H](CC1=CC=CC=C1)C(O)=O)C(O)=O
np463,OC([O-])=O
np464,CCCCCCCCCCCCC\C=C\C(O)C(N)COC1O[C@H](CO)[C@@H](O)[C@H](O)[C@H]1O
np465,[S--]
np466,[Cr+3]
np467,NCCCC[C@H](N(O)C1O[C@H](CO)[C@H](O)[C@H](O)[C@H]1O)C(O)=O
np468,[H][C@@]12CC[C@H]([C@H](C)CCCC(C)C(O)=O)[C@@]1(C)[C@@H](O)C[C@@]1([H])[C@@]2([H])[C@H](O)C[C@]2([H])C[C@H](O)CC[C@]12C
np469,OC(=O)CCCC\C=C/CCC(O)=O
np470,O[C@H](CCC(O)=O)C(O)=O
np471,OC[C@H]1O[C@@H]([C@H](O)[C@@H]1OP(O)(=O)O[C@]([H])(C)CNC(=O)CC[C@]1(C)[C@@H](CC(=O)N)[C@@]2([H])N([Co]C#N)\C1=C(C)/C1=N/C(=C\C3=N\C(=C(C)/C4=N[C@]2(C)[C@@](C)(CC(=O)N)[C@@H]4CCC(=O)N)\[C@@](C)(CC(=O)N)[C@@H]3CCC(=O)N)/C(C)(C)[C@@H]1CCC(=O)N)N1C=NC2=CC(C)=C(C)C=C12
np472,[Co++]
np473,NC(CC1=CC=C(O)C(O)=C1)C(O)=O
np474,CCCCC\C=C/C\C=C/CCCCCCCC(=O)O[C@H]1CC[C@@]2(C)C(=CC[C@@]3([H])[C@]4([H])CC[C@]([H])([C@H](C)CCCC(C)C)[C@@]4(C)CC[C@]23[H])C1
np475,CC1=C(CCC(O)=O)/C2=C/C3=N/C(=C\C4=C(C)C(CCC(O)=O)=C(N4)/C=C4\N=C(\C=C\1/N\2)C(C)=C4CCC(O)=O)/C(C)=C3CCC(O)=O
np476,OC[C@@H](O)[C@@H](O)C(O)=O
np477,CCCCCCCCCCCCCCCC(=O)OCC(COP(O)(=O)OC[C@H](N)C(O)=O)OC(=O)CCCCCCCCCCCCCCC
np478,OC(=O)C1=CC=CO1
np479,OCC(=O)[C@H](O)[C@H](O)COP(O)(O)=O
np480,[H][C@@](C)(CCC(O)=O)[C@@]1([H])CC[C@@]2([H])[C@]3([H])[C@]([H])(O)C[C@]4([H])C[C@]([H])(O)CC[C@]4(C)[C@@]3([H])C[C@]([H])(O)[C@]12C
np481,OC(=O)C\C=C\C(O)=O
np482,OC[C@@H](O)[C@@H](O)C(=O)CO
np483,CCC(C(O)=O)C(O)=O
np484,OC(=O)CCCCCCCCCCC(O)=O
np485,CC(C)C[C@@H](O)C(O)=O
np486,OC[C@@H](O)[C@@H](O)[C@H](O)[C@@H](O)C(O)=O
np487,[H][C@@]12CC[C@H]([C@H](C)CCC(O)=O)[C@@]1(C)[C@@H](O)C[C@@]1([H])[C@@]2([H])CC[C@]2([H])C[C@H](O)CC[C@]12C
np488,[H][C@@]12CC[C@@H](O)[C@@]1(C)CC[C@@]1([H])[C@@]2([H])CCC2=CC(=O)CC[C@]12C
np489,CC(=O)N[C@@H]1[C@H](O)O[C@H](CO)[C@H](O)[C@@H]1OC1OC(=C[C@@H](O)[C@H]1O)C(O)=O
np490,NC1=CC=NC(=O)N1
np491,[H][C@]12CCC3C4CC[C@H]([C@H](C)CCC(=O)NCC(O)=O)[C@@]4(C)[C@@H](O)CC3[C@@]1(C)CC[C@@H](O)C2
np492,
np493,C[C@H](O)[C@H](O)C1=NC2=C(NC(N)=NC2=O)N=C1
np494,C\C(=C\C(O)=O)C(O)=O
np495,CC(=O)CC(=O)CCC(O)=O
np496,[H][C@@]12C[C@H](O)CC[C@]1(C)C1CC[C@]3(C)[C@H](CCC3C1[C@H](O)C2)[C@H](C)CCC(=O)NCC(O)=O
np497,CCCCCCCCCCCC(O)=O
np498,O[C@@H]([C@@H](O)[C@H](O)C(O)=O)[C@@H](O)C(O)=O
np499,[H][C@@]12OC[C@@H](O1)[C@@H](O)[C@H](O)[C@H]2O
np500,N[C@@H](CCC(N)=O)C(O)=O
np501,C[C@@H](O)[C@H](C)C(O)=O
np502,CC1=C(CCC(O)=O)/C2=C/C3=N/C(=C\C4=C(C)C(CCC(O)=O)=C(N4)/C=C4\N=C(\C=C\1/N\2)C(CCC(O)=O)=C4C)/C(CCC(O)=O)=C3C
np503,CC1=C(CCC(O)=O)/C2=C/C3=N/C(=C\C4=C(CCC(O)=O)C(C)=C(N4)/C=C4\N=C(\C=C\1/N\2)C(C)=C4CCC(O)=O)/C(CCC(O)=O)=C3C
np504,OC[C@H]1O[C@H](OP(O)(O)=O)[C@H](O)[C@@H](O)[C@H]1O
np505,O[C@H]1COC(O)[C@H](O)[C@H]1O
np506,CCCCCCCCCCCCC\C=C\C(O)C(N)COC1O[C@H](CO)[C@H](O)[C@H](O)[C@H]1O
np507,[H][C@@]12CC[C@H]([C@H](C)CC[C@H](CC)C(C)C)[C@@]1(C)CC[C@@]1([H])[C@@]2([H])CC=C2C[C@@H](O)CC[C@]12C
np508,CC[C@@H](N)C(O)=O
np509,CCCCCCCCCC(=O)OC(CC([O-])=O)C[N+](C)(C)C
np510,CC(=O)N[C@H]1[C@H](O)O[C@H](CO)[C@H](OS([O-])(=O)=O)[C@@H]1O[C@@H]1O[C@@H]([C@@H](O)[C@H](O)[C@H]1O)C([O-])=O
np511,[H][C@@]12CC[C@H]([C@H](C)CCCC(C)C)[C@@]1(C)CC[C@@]1([H])[C@@]2([H])CC=C2C[C@H](CC[C@]12C)OS(O)(=O)=O
np512,[H][C@@]12CC[C@H]([C@H](C)CCCC(C)(C)O)[C@@]1(C)C(O)C[C@@]1([H])[C@@]2([H])C(O)CC2CC(O)CC[C@]12C
np513,N[C@@H](CCC(=O)N[C@@H](CSSCC(N)C(O)=O)C(=O)NCC(O)=O)C(O)=O
np514,[Cu++]
np515,CCCCCC\C=C/CCCCCCCC(=O)OC1CC[C@@]2(C)C(=CCC3C4CC[C@H]([C@H](C)CCCC(C)C)[C@@]4(C)CCC23)C1
np516,[H][C@@]12CC[C@H]([C@H](C)CCC(O)=O)[C@@]1(C)[C@H](C[C@@]1([H])[C@@]2([H])CC[C@]2([H])C[C@@H](CC[C@]12C)OS(O)(=O)=O)OS(O)(=O)=O
np517,OC[C@H]1O[C@](O)(CO)[C@@H](O)[C@@H]1O
np518,OC(=O)CCCC(O)=O
np519,[F-]
np520,O[C@@H]([C@H](O)[C@@H](O)C(O)=O)[C@H](O)C(O)=O
np521,[H][C@@]12CC[C@H]([C@H](C)CCC(O)=O)[C@@]1(C)CC[C@@]1([H])[C@@]2([H])C[C@H](O)[C@]2([H])C[C@@H](O)CC[C@]12C
np522,CC(C)CC(O)C(O)=O
np523,CCCCCCC(O)=O
np524,N[C@@H](CC1=CC=C(OC2=CC=C(O)C=C2)C=C1)C(O)=O
np525,CC(O)C1=C2NC(\C=C3/N\C(=C/C4=N/C(=C\C5=N\C(=C/2)\C(C)=C5C(C)O)/C(C)=C4CCC(O)=O)C(CCC(O)=O)=C3C)=C1C
np526,OC(=O)CC1=CC=CC=C1O
np527,N[C@@H](CCCCNC(N)=N)C(O)=O
np528,OC(CC1=CNC2=C1C=CC=C2)C(O)=O
np529,OC(=O)CCCCCCCCCCCCCCC(O)=O
np530,CCCCC\C=C/C\C=C/CCCCCCCC(O)=O
np531,[H][C@@](COC(=O)CCCCCCCCCCCCCCC)(COP(O)(O)=O)OC(=O)CCCCCCCCCCCCCCC
np532,II
np533,NC(CCSSCC[C@H](N)C(O)=O)C(O)=O
np534,CC(C)CC(=O)NCC(O)=O
np535,N[C@@H](CCCCNC(N)=O)C(O)=O
np536,OS(=O)(=O)OC1=CNC2=CC=CC=C12
np537,CC1=C2NC(\C=C3/N=C(/C=C4\N\C(=C/C5=N/C(=C\2)/C(CCC(O)=O)=C5C)C(C=C)=C4C)C(C)=C3CCC(O)=O)=C1CCC(O)=O
np538,N[C@@H](CC(=O)C1=CC=CC=C1N)C(O)=O
np539,[H][C@@]12CC[C@H]([C@H](C)CCC(O)=O)[C@@]1(C)CC[C@@]1([H])[C@@]2([H])[C@@H](O)C[C@]2([H])C[C@@H](O)CC[C@]12C
np540,CC(C)C[C@H](N)C(O)=O
np541,CC(C)CC(=O)OC(CC([O-])=O)C[N+](C)(C)C
np542,CC(C)CCC(O)=O
np543,OC(=O)CC(O)=O
np544,[Fe++]
np545,
np546,O[C@H](CCC(O)=O)C(O)=O
np547,CC(C)CC(=O)C(O)=O
np548,CSCC[C@H](N)C(O)=O
np549,CCC1=C(C)/C2=C/C3=N/C(=C\C4=C(CCC(O)=O)C(CC(O)=O)=C(N4)/C=C4\N=C(\C=C\1/N\2)C(C)=C4CCC(O)=O)/C(CCC(O)=O)=C3C
np550,[H][C@@]1(CC[C@@]2([H])[C@]3([H])CC[C@]4([H])C[C@H](O)CC[C@]4(C)[C@@]3([H])CC[C@]12C)[C@H](C)CCC(=O)NCC(O)=O
np551,C[N+]1=CC=CC(=C1)C(N)=O
np552,OCCC(O)=O
np553,CCCCCC(=O)NCC(O)=O
np554,O[C@H](C(O)=O)C1=CC=CC=C1
np555,NC1=NC(=O)C2=C(N1)NC(=O)C=N2
np556,CCCCCC(=O)OC(CC([O-])=O)C[N+](C)(C)C
np557,N[C@@H](CC(O)=O)C(=O)N[C@@H](CC1=CC=CC=C1)C(O)=O
np558,OC(=O)C(=O)CC1=CC=C(O)C=C1
np559,[H][C@@]1(CC[C@@]2([H])[C@]3([H])[C@@H](O)C[C@]4([H])C[C@H](O)CC[C@]4(C)[C@@]3([H])CC[C@]12C)[C@H](C)CCC(=O)NCC(O)=O
np560,N[C@@H](CSSCC(N)C(=O)NCC(O)=O)C(O)=O
np561,OCCCC(O)=O
np562,CCCCCCC(O)C(O)=O
np563,C[N+](C)(C)CC(CC([O-])=O)OC(=O)CCCCCCCCCCCCCCC(O)=O
np564,[H][C@@]12CC[C@H]([C@H](C)CCC(O)=O)[C@@]1(C)CC[C@@]1([H])[C@@]2([H])CC[C@@]2([H])C[C@@H](O)CC[C@]12C
np565,OC(=O)CNC(=O)C1=CC=CC=C1
np566,OC(=O)C1=CC(=O)C2=CC=CC=C2N1
np567,OC(=O)[C@@H]1CCCCN1
np568,[H][C@@]12CC[C@H]([C@H](C)CCC(O)=O)[C@@]1(C)CC[C@@]1([H])[C@@]2([H])CC[C@]2([H])C[C@@H](O)CC[C@]12C
np569,CC(C)CC(O)=O
np570,N[C@@H](CCO)C(O)=O
np571,CC(=O)CCC(O)=O
np572,NCC(=O)N1CCCC1C(O)=O
np573,C[C@H](CCC(=O)NCCS(O)(=O)=O)C1CCC2C3CCC4C[C@H](O)CC[C@]4(C)C3CC[C@]12C
np574,O[C@H]1CN[C@@H](C1)C(O)=O
np575,CC(C)CC(=O)N[C@@H](CCC(O)=O)C(O)=O
np576,NC1=NC(=O)C2=C(N1)N=CC(=N2)[C@H](O)[C@@H](O)CO
np577,CC1=C(CCC(O)=O)C2=N\C\1=C/C1=C(CC(O)=O)C(CCC(O)=O)=C(N1)\C=C1/N=C(/C=C3\N/C(=C\2)C(CCC(O)=O)=C3CC(O)=O)C(CCC(O)=O)=C1CC(O)=O
np578,CC(C)(O)C(O)=O
np579,CC(C)C(=O)NCC(O)=O
np580,N[C@@H](CSS(O)(=O)=O)C(O)=O
np581,NC(CC(=O)C1=C(N)C(O)=CC=C1)C(O)=O
np582,[H][C@@]12CC[C@H]([C@H](C)CCC(O)=O)[C@@]1(C)CC[C@@]1([H])[C@@]2([H])C[C@H](O)C2C[C@H](O)CC[C@]12C
np583,OC(=O)\C=C\C1=CC2=C(N1)C=CC=C2
np584,OC(=O)CNC(=O)CC1=CC=C(O)C=C1
np585,CC(C)C(=O)OC(CC([O-])=O)C[N+](C)(C)C
np586,CC1=C(CCC(O)=O)\C2=C\C3=C(CC(O)=O)C(CCC(O)=O)=C(N3)\C=C3/N=C(/C=C4\N\C(=C/C1=N2)C(CCC(O)=O)=C4CC(O)=O)C(CCC(O)=O)=C3CC(O)=O
np587,N1C=CC2=C1C=CC=C2
np588,NC(CCCC[N+]1=CC(CCC(N)C(O)=O)=CC(CCC(N)C(O)=O)=C1CCCC(N)C(O)=O)C(O)=O
np589,OC[C@H]1O[C@](O)(CO)[C@@H](O)[C@@H]1O[C@@H]1O[C@H](CO)[C@H](O)[C@H](O)[C@H]1O
np590,NC(CCS)C(O)=O
np591,CC1=C(CCC(O)=O)/C2=C/C3=N/C(=C\C4=C(CC(O)=O)C(CCC(O)=O)=C(N4)/C=C4\N=C(\C=C\1/N\2)C(CCC(O)=O)=C4C)/C(CCC(O)=O)=C3CC(O)=O
np592,OC(CC(O)=O)C(O)=O
np593,NCCCC(=O)N[C@@H](CC1=CNC=N1)C(O)=O
np594,CC(C)C[C@H](O)C(O)=O
np595,CC(C)CC(=O)N[C@@H](C)C(O)=O
np596,O[C@H](CC1=CC=CC=C1)C(O)=O
np597,C\C(=C/C(O)=O)C(O)=O
np598,OC(C(O)=O)C1=CC(O)=CC=C1
np599,OC[C@H](O)[C@@H](O)C(=O)CO
np600,CC(CC(O)=O)CC(O)=O
np601,CCCC(=O)CC
np602,CC(C)(O)CC(O)=O
np603,OC(CC1=CC=C(O)C=C1)C(O)=O
np604,CCCCCC(=O)O[C@H](CC([O-])=O)C[N+](C)(C)C
np605,OC[C@H]1O[C@H](OC[C@H]2O[C@H](O[C@H]3[C@H](O)[C@@H](O)[C@@H](O)O[C@@H]3CO)[C@H](O)[C@@H](O)[C@@H]2O[C@H]2O[C@H](CO)[C@@H](O)[C@H](O)[C@H]2O)[C@H](O)[C@@H](O)[C@@H]1O
np606,CC(C)C[C@H](NC(=O)CN)C(O)=O
np607,[H][C@@]12CCC([C@H](C)CCC(O)=O)[C@@]1(C)CC[C@@]1([H])[C@@]2([H])[C@H](O)[C@H](O)[C@]2([H])C[C@H](O)CC[C@]12C
np608,[H][C@@]12CC[C@H]([C@H](C)CCC(O)=O)[C@@]1(C)CC[C@@]1([H])[C@@]2([H])CCC2C[C@H](O)CC[C@]12C
np609,OC(=O)CC1=CNC2=CC=C(O)C=C12
np610,OC(=O)CCC1=CC=CC=C1
np611,OC[C@@H](O)[C@@H](O)[C@H](O)[C@H](O)CO
np612,C[C@H](NC(C)=O)C(O)=O
np613,OC[C@H]1O[C@H]([C@H](O)[C@@H]1O)C1=CNC(=O)NC1=O
np614,CC(O)C(=O)OC[C@@H](O)[C@@H](O)[C@@H]1O[C@@](O)(C[C@H](O)[C@H]1NC(C)=O)C(O)=O
np615,CCCCCCCCCCCCCCCCCC(=O)N[C@@H](CO[C@@H]1O[C@H](CO)[C@@H](O)[C@H](O)[C@H]1O)[C@@H](O)CCCCCCCCCCCCCCCC
np616,CCCCCCCCCCCCCCCCCCC(O)=O
np617,[H][C@]1(O[C@](O)(C[C@H](O)[C@H]1NC(C)=O)C(O)=O)[C@H](O)[C@H](O)CO
np618,[H][C@@]12CC[C@H](C(C)=O)[C@@]1(C)CC[C@@]1([H])[C@@]2([H])CC=C2CC(CC[C@]12C)OS(O)(=O)=O
np619,OC(CC1=CC=CC=C1)C(O)=O
np620,CC1=C2NC(\C=C3/N=C(/C=C4\N\C(=C/C5=N/C(=C\2)/C(C)=C5CCC(O)=O)C(CCC(O)=O)=C4CC(O)=O)C(CCC(O)=O)=C3CC(O)=O)=C1CCC(O)=O
np621,CC(=O)N[C@H]1[C@H](O)O[C@H](CO)[C@H](OS(O)(=O)=O)[C@@H]1O
np622,OC(=O)CCCCCCCCCCCCCCCCC(O)=O
np623,CCC(=O)NCC(O)=O
np624,OC(=O)CCCCCCCC(O)=O
np625,CC(=O)N[C@@H]1[C@@H](O)C[C@](O)(O[C@H]1[C@H](OC(C)=O)[C@H](O)CO)C(O)=O
np626,O=C1NC(=O)C2=CNNC2=N1
np627,C[C@H](O)[C@H](O)C1CNC2=C(N1)C(=O)N=C(N)N2
np628,OC[C@H]1O[C@H]([C@H](O)[C@@H]1O)N1C(=O)NC(=O)C=C1C(O)=O
np629,CC1=C(CCC(O)=O)/C2=C/C3=C(CCC(O)=O)C(CC(O)=O)=C(N3)\C=C3/N=C(/C=C4\N=C(\C=C\1/N\2)C(C)=C4CCC(O)=O)C(C)=C3CCC(O)=O
np630,CCCCCCCCCCCCCCCC(=O)NC(CO)C(O)\C=C\CCCCCCCCCCCCC
np631,CCCCCCCC(=O)O[C@H](CC([O-])=O)C[N+](C)(C)C
np632,OC(=O)CCCCCCCCC(O)=O
np633,N[C@H](CC1=CC(I)=C(OC2=CC=C(O)C=C2)C=C1)C(O)=O
np634,CC(=O)N[C@@H]1[C@@H](O)C[C@](O)(O[C@H]1[C@H](O)[C@H](O)COC(C)=O)C(O)=O
np635,CC(C)CCCC(C)CCCC(C)CCCC(C)C(O)=O
np636,CC(=O)N[C@@H]1[C@H](C[C@](O)(O[C@H]1C(O)C(O)CO)C(O)=O)OC(C)=O
np637,NC1=C(N=CN1[C@@H]1O[C@H](COP(O)(O)=O)[C@@H](O)[C@H]1O)C(=O)N[C@@H](CC(O)=O)C(O)=O
np638,CCCCCCC(=O)OCC
np639,CC(C)CCCC(C)CCCC(C)CCCC(C)CC(O)=O
np640,NC1=NC2=NC=CN=C2C(=O)N1
np641,CC(=O)N[C@H]1[C@H](O)O[C@H](CO)[C@@H](O)[C@@H]1O
np642,OC(=O)C1CCC(=O)N1
np643,CCCCCCCCCCCCCC(O)=O
np644,OC(COP(O)(O)=O)C(O)=O
np645,CCCC(=O)NCC(O)=O
np646,CCCCCCCCCCCCCCCCCCCC(=O)N[C@H](CO[C@@H]1O[C@H](CO)[C@@H](O[C@@H]2O[C@H](C)[C@H](O[C@@H]3O[C@H](CO)[C@H](O)[C@H](O[C@@H]4O[C@H](CO)[C@H](O)[C@H](O)[C@H]4O)[C@H]3NC(C)=O)[C@H](O[C@@]3(C[C@H](O)[C@@H](NC(C)=O)C(O3)[C@H](O)[C@H](O)CO)C(O)=O)[C@H]2O)[C@H](O)[C@H]1O)[C@@H](O)\C=C\CCCCCCCCCCCCCCC
np647,COC(=O)CCC1=C2NC(\C=C3/N=C(/C=C4\N\C(=C/C5=N/C(=C\2)/C(CCC(=O)OC)=C5C)C(C)=C4C=C)C(C)=C3C=C)=C1C
np648,[H][C@@]12CC[C@H]([C@H](C)CCC(O)=O)[C@@]1(C)CC[C@@]1([H])[C@@]2([H])C[C@@H](O)[C@]2([H])C[C@H](O)CC[C@]12C
np649,CC(=O)N[C@@H](CC(O)=O)C(O)=O
np650,CC(=O)N[C@H]1[C@H](O)O[C@H](COS(O)(=O)=O)[C@@H](O)[C@@H]1O
np651,CC1=C2NC(\C=C3/N=C(/C=C4\N\C(=C/C5=N/C(=C\2)/C(CC(O)=O)=C5CCC(O)=O)C(CC(O)=O)=C4CCC(O)=O)C(CC(O)=O)=C3CCC(O)=O)=C1CCC(O)=O
np652,OC(=O)COP(O)(O)=O
np653,C[C@H](O)[C@@H](O)C1=NC2=C(NC(N)=NC2=O)N=C1
np654,COC1=CC(=CC=C1O)C(O)CN
np655,CCCO
np656,OC(=O)CNC(=O)CC1=CC=CC=C1
np657,OC(C(O)=O)C1=CC=C(O)C=C1
np658,CCC(=O)OC(CC([O-])=O)C[N+](C)(C)C
np659,[H][C@]1(O[C@@](C[C@H](O)[C@H]1NC(C)=O)(O[C@H]1[C@@H](O)[C@@H](CO)O[C@@H](O[C@H]([C@H](O)CO)[C@H](O)[C@@H](O)C=O)[C@@H]1O)C(O)=O)[C@H](O)[C@H](O)CO
np660,CCCCCCCCCCCCCCC(O)=O
np661,CCCCCCCCCCCCCCCCCC(O)=O
np662,NC(=O)N[C@@H](CC(O)=O)C(O)=O
np663,CCCCCCCCCCCCCCCCCC(=O)NC(CO)C(O)\C=C\CCCCCCCCCCCCC
np664,N[C@@H]1[C@@H](O)C[C@](O)(O[C@H]1[C@H](O)[C@H](O)CO)C(O)=O
np665,CCCCCCCCCCCCCCCCCCCCCCCC(=O)NC(CO)C(O)\C=C\CCCCCCCCCCCCC
np666,CCCCCCCC(=O)NCC(O)=O
np667,OC[C@@H](O)[C@@H](O)[C@@H]1O[C@@](O)(C[C@H](O)[C@H]1NC(=O)CO)C(O)=O
np668,N1C2=CC=C1\C=C1\C=CC(\C=C3\C=CC(\C=C4/N\C(\C=C4)=C/2)=N3)=N1
np669,OC(=O)CNC(=O)C1=CC=CC=C1O
np670,CC(=O)N[C@@H](C=O)[C@@H](O)[C@@H](O)[C@H](O)COS(O)(=O)=O
np671,OC(=O)C1=NC2=C(C=CC=C2)C=C1
np672,CC(=O)N[C@H]1C(O)O[C@H](COS(O)(=O)=O)[C@H](OS(O)(=O)=O)[C@@H]1O
np673,NC1=NC2=C(N=C(C=N2)C(O)C(O)CO)C(=O)N1
np674,CCCCCCCCC(O)=O
np675,CCCCCCCCCCCCCCCCCC(=O)OC(CC([O-])=O)C[N+](C)(C)C
np676,C[C@@H]1OC(O)[C@H](O)[C@H](O)[C@H]1O
np677,N[C@@H](CCC1=C[N+](C[C@H](O)CC[C@H](N)C([O-])=O)=CC(O)=C1C[C@H](N)C(O)=O)C(O)=O
np678,[H][C@@]1(CC[C@@]2([H])[C@]3([H])CC=C4C[C@@H](O)CC[C@]4(C)[C@@]3([H])CC[C@]12C)[C@H](C)CC[C@@H](CC)C(C)C
np679,CC(=O)N[C@H]1[C@H](O)O[C@H](CO)[C@H](O)[C@@H]1O
np680,OC(=O)CC[C@H](NC=N)C(O)=O
np681,NC(=O)C1=C[N+](=CC=C1)[C@@H]1O[C@H](CO)[C@@H](O)[C@H]1O
np682,CC(=O)NC(CCCNC(N)=O)C(O)=O
np683,OC(=O)CCCCCC(O)=O
np684,COC(=O)CCCC(O)=O
np685,COC(=O)CNC(=O)C1=CC=CC=C1
np686,OC(=O)CNC(=O)CCC1=CC=CC=C1
np687,CC(C)O
np688,[H][C@@]1(CC[C@@]2([H])[C@]3([H])C(O)C(O)[C@]4([H])C[C@H](O)CC[C@]4(C)[C@@]3([H])CC[C@]12C)[C@H](C)CCC(O)=O
np689,CC(=O)N[C@@H](CC1=CC=C(O)C=C1)C(O)=O
np690,OC[C@@H](O)[C@@H](O)[C@@H](O)C(O)=O
np691,OCC(=O)[C@@H](O)[C@H](O)COP(O)(O)=O
np692,COC(=O)CCC1=C(CCC(=O)OC)/C2=C/C3=N/C(=C\C4=C(C(=O)OC)C(CCC(=O)OC)=C(N4)/C=C4\N=C(\C=C\1/N\2)C(CCC(=O)OC)=C4CC(=O)OC)/C(CCC(=O)OC)=C3CC(=O)OC
np693,NCCC1=CNC=N1
np694,[H][C@@]1(CC[C@@]2([H])[C@]3([H])CC[C@@]4([H])CC(=O)CC[C@]4(C)[C@@]3([H])CC[C@]12C)[C@H](C)CCCC(C)C
np695,OC(=O)CCCCCCCCCCCCC(O)=O
np696,CC1=CC=C(O)C(O)=C1
np697,[H][C@@]12CC[C@H]([C@H](C)CCC(=O)NCCS(O)(=O)=O)[C@@]1(C)CC[C@@]1([H])[C@@]2([H])[C@@H](O)CC2C[C@H](O)CC[C@]12C
np698,C[N+]1=CC(=CC=C1)C([O-])=O
np699,CC(C)CCC[C@@H](C)[C@H]1CCC2\C(CCC[C@]12C)=C\C=C1\C[C@@H](O)CCC1=C
np700,NC1=NC(=O)C2=C(N1)N=CC(=N2)[C@H](O)[C@@H](O)CO
np701,CC(C)[C@@H](C)\C=C\[C@@H](C)C1CCC2C3=CC=C4C[C@@H](O)CC[C@]4(C)C3CC[C@]12C
np702,[H][C@@]12CC[C@H](C(=O)CO)[C@@]1(C)CC[C@@]1([H])[C@@]2([H])CC[C@@]2([H])C[C@H](O)CC[C@]12C
np703,OC(=O)C1=NC2=C(O)C=CC=C2C(O)=C1
np704,CC(C)[C@H](N)C(O)=O
np705,CC1=CN([C@@H]2O[C@H](CO)[C@@H](O)[C@H]2O)C(=O)NC1=O
np706,[H][C@@]1(CC[C@@]2([H])[C@]3([H])CC=C4C[C@H](CC[C@]4(C)[C@@]3([H])CC[C@]12C)OC(=O)CCCCCCCCCCCCCCC)[C@H](C)CCCC(C)C
np707,[Cl-].[Fe+3].CC1=C(CCC(O)=O)/C2=C/C3=N/C(=C\C4=C(C)C(C=C)=C([N-]4)/C=C4\N=C(\C=C\1/[N-]\2)C(C=C)=C4C)/C(C)=C3CCC(O)=O
np708,OC(=O)CCCCCCCCCC(O)=O
np709,[H][C@@]12C[C@H](O)CC[C@]1(C)C1C[C@H](O)[C@]3(C)[C@H](CCC3C1[C@@H](O)C2)[C@H](C)CCC(=O)NCCS(O)(=O)=O
np710,OC(=O)CCC1=C(CC(O)=O)/C2=C/C3=N/C(=C\C4=C(CC(O)=O)C(CCC(O)=O)=C(N4)/C=C4\N=C(\C=C\1/N\2)C(CC(O)=O)=C4CCC(O)=O)/C(CCC(O)=O)=C3CC(O)=O
np711,CCCCC(O)=O
np712,OC(=O)CCCCCCC(O)=O
np713,OC(=O)CNC(=O)CC=C
np714,CC(=O)OCC[N+](C)(C)C
np715,[H][C@@]1(CC[C@@]2([H])[C@]3([H])CC[C@]4([H])C[C@H](O)CC[C@]4(C)[C@@]3([H])C[C@H](O)[C@]12C)[C@H](C)CCC(=O)NCCS(O)(=O)=O
np716,CN1C=NC2=C1C(=O)N=C(N)N2
np717,CN1C=NC(CCN)=C1
np718,[H][C@@]12CCC(=O)[C@@]1(C)CC[C@@]1([H])[C@@]2([H])CC[C@@]2([H])CC(=O)CC[C@]12C
np719,CC(C)[C@@H](C)\C=C\[C@@H](C)[C@@]1([H])CC[C@@]2([H])\C(CCC[C@]12C)=C\C=C1\C[C@@H](O)CCC1=C
np720,CCCC(CCC)C(=O)O[C@@H]1O[C@@H]([C@@H](O)[C@H](O)[C@H]1O)C(O)=O
np721,NC(=O)C1=C[N+](=CC=C1)[C@@H]1O[C@H](COP(O)(=O)OP(O)(=O)OC[C@H]2O[C@H]([C@H](O)[C@@H]2O)N2C=NC3=C2N=CN=C3N)[C@@H](O)[C@H]1O
np722,[H][C@@]12CC[C@](O)(C(=O)CO)[C@@]1(C)CC(=O)[C@@]1([H])[C@@]2([H])CC[C@@]2([H])C[C@@H](O)CC[C@]12C
np723,N[C@@H](CCCNC(N)=O)C(O)=O
np724,NC1=NC=NC2=C1N=CN2[C@H]1C[C@H](O)[C@@H](COP(O)(O)=O)O1
np725,CN(C)C
np726,[H][C@@]12CC[C@H]([C@H](C)CCC(O)=O)[C@@]1(C)CC[C@@]1([H])[C@@]2([H])CCC2C[C@@H](CC[C@]12C)OS(O)(=O)=O
np727,[H][C@@]1(CC[C@@]2([H])[C@]3([H])CC[C@@]4([H])C[C@@H](O)CC[C@]4(C)[C@@]3([H])CC[C@]12C)[C@H](C)CCCC(C)C
np728,O[C@H]1CC[C@H](CC(O)=O)CC1
np729,CCCCCCCCCCCCC(O)=O
np730,OC[C@H]1O[C@H]([C@H](O)[C@@H]1O)N1C=NC2=C(N[C@@H](CC(O)=O)C(O)=O)N=CN=C12
np731,COC1=CC(CC(O)C(O)=O)=CC=C1O
np732,OC(=O)CCC1=C(CC(O)=O)/C2=C/C3=N/C(=C\C4=C(CCC(O)=O)C(CC(O)=O)=C(N4)/C=C4\N=C(\C=C\1/N\2)C(CC(O)=O)=C4CCC(O)=O)/C(CCC(O)=O)=C3CC(O)=O
np733,[H][C@@]12CC[C@H]([C@H](C)CCC(O)=O)[C@@]1(C)[C@@H](O)C[C@@]1([H])[C@@]2([H])[C@@H](O)C[C@]2([H])C[C@H](O)CC[C@]12C
np734,CCCCCCCC\C=C/CCCCCCCC(=O)O[C@H]1CC[C@@]2(C)C(=CC[C@@]3([H])[C@]4([H])CC[C@]([H])([C@H](C)CCCC(C)C)[C@@]4(C)CC[C@]23[H])C1
np735,[H][C@@]12CCC(C(C)=O)[C@@]1(C)C[C@@H](O)[C@@]1([H])[C@@]2([H])CCC2=CC(=O)CC[C@]12C
np736,[H][C@@]12CC[C@H]([C@H](C)CCCC(C)C)[C@@]1(C)CC[C@@]1([H])[C@@]2([H])CCC2=CC(=O)CC[C@]12C
np737,[H][C@]12C[C@H](O)CC[C@]1(C)C1C[C@H](O)[C@]3(C)[C@H](CCC3C1[C@H](O)C2)[C@H](C)CCC(=O)NCCS(O)(=O)=O
np738,C[N+](C)(C)[O-]
np739,C1=CC=NC=C1
np740,CCCCC(=O)NCC(O)=O
np741,N[C@@H](CC1=CNC2=CC=CC=C12)C(O)=O
np742,OC(=O)\C=C\C1=CC=CC=C1
np743,[H][C@@]12C[C@H](O)CC[C@]1(C)C1CC[C@]3(C)[C@H](CCC3C1[C@@H](O)[C@H]2O)[C@H](C)CCC(=O)NCCS(O)(=O)=O
np744,OC(=O)CCCCCCCC\C=C\C(O)=O
np745,CC(=O)C(=O)[C@H](N)[C@@H](O)[C@@H](OS(=O)(=O)O[C@@H]1[C@@H](COP(O)(=O)OP(O)(O)=O)O[C@H]([C@@H]1O)N1C=CC(=O)NC1=O)[C@H](O)CO
np746,O[C@@H]1[C@@H](COP(O)(=O)OP(O)(=O)O[C@H]2O[C@@H]([C@@H](O)[C@H](O)[C@H]2O)C(O)=O)O[C@H]([C@@H]1O)N1C=CC(=O)NC1=O
np747,OC(=O)CCC1=C(CC(O)=O)/C2=C/C3=N/C(=C\C4=C(CCC(O)=O)C(CC(O)=O)=C(N4)/C=C4\N=C(\C=C\1/N\2)C(CC(O)=O)=C4CCC(O)=O)/C(CC(O)=O)=C3CCC(O)=O
np748,[H][C@@]1(CC[C@@]2([H])[C@]3([H])CC=C4C[C@@H](O)CC[C@]4(C)[C@@]3([H])CC[C@]12C)[C@H](C)\C=C\[C@@H](CC)C(C)C
np749,N[C@@H](CCSC[C@H]1O[C@H]([C@H](O)[C@@H]1O)N1C=NC2=C(N)N=CN=C12)C(O)=O
np750,O[C@H]1COC(=O)[C@@H]1O
np751,[H][C@@]12CC[C@H]([C@H](C)CCCC(C)C)[C@@]1(C)CC[C@@]1([H])[C@@]2([H])CC=C2CCCC[C@]12C
np752,NC1=NC(=O)C2=C(NCC(N2)C(O)C(O)CO)N1
np753,OC[C@@H](O)[C@H](O)C(O)=O
np754,CCCCCCCCCCCCCCCCCCCCCC(O)=O
np755,[H][C@@]1(CC[C@@]2([H])[C@]3([H])[C@@H](O)C[C@]4([H])C[C@H](O)CC[C@]4(C)[C@@]3([H])CC[C@]12C)[C@H](C)CCC(O)=O
np756,CCCCCCCCCCC(O)=O
np757,C[C@]12C[C@H](O)C3C(CCC4C[C@H](O)CC[C@]34C)C1CC[C@]2(O)C(=O)CO
np758,CCCCCCCCCCCCCCCCCCCCCCC(=O)N[C@@H](CO)[C@H](O)\C=C\CCCCCCCCCCCCC
np759,[H][C@@]1(CC[C@@]2([H])[C@]3([H])[C@H](O)C[C@]4([H])C[C@H](O)CC[C@]4(C)[C@@]3([H])CC[C@]12C)[C@H](C)CCC(=O)NCCS(O)(=O)=O
np760,OC(=O)CCCCCCC(=O)NCC(O)=O
np761,COC1=C(O)C=CC(\C=C\C(O)=O)=C1
np762,COC1=C(O)C=C(\C=C\C(O)=O)C=C1
np763,O[C@H]([C@@H](O)C(O)=O)C(O)=O
np764,OC1=CC=CC=C1O
np765,OC(=O)C\C(=C/C(O)=O)C(O)=O
np766,C\C=C(/C)C(=O)NCC(O)=O
np767,NC1=NC2=C(N=CN2[C@H]2C[C@H](O)[C@@H](COP(O)(=O)OP(O)(O)=O)O2)C(=O)N1
np768,[H]OP(=O)(O[H])OP(=O)(O[H])OC\C=C(/C)CC\C=C(/C)CCC=C(C)C
np769,NC(=O)CCCCC1CCSS1
np770,CSCC1OC(OP(O)(O)=O)[C@H](O)[C@@H]1O
np771,NCCS(O)=O
np772,O[C@H]1[C@@H](O)[C@@H](OP(O)(O)=O)[C@H](O)[C@@H](O)[C@@H]1OP(O)(O)=O
np773,[H][C@@]1(CC[C@@]2([H])\C(CCC[C@]12C)=C\C=C1\C[C@@H](O)C[C@H](O)C1=C)[C@H](C)C[C@H]1C[C@@](C)(O)C(=O)O1
np774,NC1=NC(=O)C2=C(NCC(CN(C=O)C3=CC=C(C=C3)C(=O)N[C@@H](CCC(O)=O)C(O)=O)N2)N1
np775,OP([O-])([O-])=O
np776,OC[C@H]1O[C@H](O[C@H]2O[C@H](CO)[C@@H](O)[C@H](O)[C@H]2O)[C@H](O)[C@@H](O)[C@@H]1O
np777,COC1=CC(=CC(C\C=C(/C)CC\C=C(/C)CC\C=C(/C)CC\C=C(/C)CC\C=C(/C)CCC=C(C)C)=C1O)C(O)=O
np778,NC1=C(C=CC=C1)C(=O)CC(=O)C(O)=O
np779,NC1=NC2=C(N=C(CN2)[C@H](O)[C@H](O)COP(O)(=O)OP(O)(=O)OP(O)(O)=O)C(=O)N1
np780,[H][C@@]1(CC[C@@]2([H])C3=C(CC[C@]12C)[C@@]1(C)CCC(=O)[C@@H](C)[C@]1([H])CC3)[C@H](C)CCC=C(C)C
np781,CC1=CN([C@@H]2O[C@H](CO)[C@@H](O)[C@H]2O)C(=O)N=C1N
np782,OC(=N)CCCCC(S)CCS
np783,C[S+](CCCN)C[C@H]1O[C@H]([C@H](O)[C@@H]1O)N1C=NC2=C1N=CN=C2N
np784,CC=O
np785,CCCCCCC(N)C(O)=O
np786,OC(=O)CCC(=O)C1=CC=CN=C1
np787,OC[C@H]1O[C@@H](OP(O)(O)=O)[C@@H](O)[C@@H](O)[C@@H]1O
np788,[H][C@@]12CC=C(C(C)=O)[C@@]1(C)CC[C@@]1([H])[C@@]2([H])CCC2=CC(=O)CC[C@]12C
np789,N[C@@H](CS(=O)=O)C(O)=O
np790,NC1=NC(=O)N(C=C1)[C@H]1C[C@H](O)[C@@H](COP(O)(=O)OP(O)(=O)OP(O)(O)=O)O1
np791,O[C@H]1[C@@H](O)[C@H](NC(=N)CNC=O)O[C@@H]1COP(O)(O)=O
np792,O[C@H]1C[C@@H](O[C@@H]1COP(O)(=O)OP(O)(O)=O)N1C=CC(=O)NC1=O
np793,NC1=NC=NC2=C1N=CN2[C@@H]1O[C@H](COP(O)(=O)OS(O)(=O)=O)[C@@H](O)[C@H]1O
np794,CNC(=O)CCC(=O)C1=CN=CC=C1
np795,NC(=O)N[C@@H](O)C(O)=O
np796,OC(=O)CCCC1=CC=CN=C1
np797,CC1=C(C=C)\C(NC1=O)=C\C1=C(C)C(CCC(O)=O)=C(N1)\C=C1/N\C(=C\C2=NC(=O)C(C=C)=C2C)C(C)=C1CCC(O)=O
np798,CN1CCCC1C1=CC=C[N+](C)=C1
np799,C[N+]1=CCCC1C1=CC=CN=C1
np800,CC(=C)C(=O)SCCNC(=O)CCNC(=O)C(O)C(C)(C)COP(O)(=O)OP(O)(=O)OC[C@H]1O[C@H]([C@H](O)[C@@H]1OP(O)(O)=O)N1C=NC2=C1N=CN=C2N
np801,CN1C(CCC1=O)C1=C[N+](=CC=C1)C1OC(C(O)C(O)C1O)C([O-])=O
np802,OC(=O)CCC1N=CNC1=O
np803,CSCC[C@@H](NC=O)C(O)=O
np804,CC(C)(COP(O)(O)=O)C(O)C(=O)NCCC(O)=O
np805,O[C@@H]1[C@@H](COP(O)(=O)OP(O)(=O)OC2OC[C@@H](O)[C@H](O)[C@H]2O)OC([C@@H]1O)N1C=CC(=O)NC1=O
np806,CN(C)C1=CC=CC=C1
np807,CC(C)(COP(O)(=O)OP(O)(=O)OC[C@H]1O[C@H]([C@H](O)[C@@H]1OP(O)(O)=O)N1C=NC2=C1N=CN=C2N)C(O)C(=O)NCCC(=O)NCCSC(=O)C[C@H](O)C(O)=O
np808,CC(C)(COP(O)(=O)OP(O)(=O)OC[C@H]1O[C@H]([C@H](O)[C@@H]1OP(O)(O)=O)N1C=NC2=C1N=CN=C2N)C(O)C(=O)NCCC(=O)NCCSC(=O)CCC(O)=O
np809,[H][C@@]1(CC=C2C3=C(CC[C@]12C)[C@@]1(C)CC[C@H](O)C(C)(C)[C@]1([H])CC3)[C@H](C)CCC=C(C)C
np810,OC(=O)C(=O)COP(O)(O)=O
np811,[H][C@@]1(CC[C@@]2([H])[C@]3([H])CC=C4C[C@@H](O)CC[C@]4(C)[C@@]3([H])CC[C@]12C)[C@H](C)CCCN(C)C
np812,OC[C@H]1O[C@@H](O[C@H]2[C@H](O)[C@@H](O)C(O)O[C@@H]2CO)[C@H](O)C(=O)[C@H]1O
np813,O[C@H]1C[C@H](O)[C@@H](COP(O)(O)=O)O1
np814,[H][C@@]12CCC(=O)[C@@]1(C)CC[C@@]1([H])[C@@]2([H])CC=C2C[C@H](CC[C@]12C)OS(O)(=O)=O
np815,OS([O-])=O
np816,CC[C@H](C)[C@H](NC(=O)[C@H](CC1=CC=C(O)C=C1)NC(=O)[C@@H](NC(=O)[C@H](CCCN=C(N)N)NC(=O)[C@@H](N)CC(O)=O)C(C)C)C(=O)N[C@@H](CC1=CN=CN1)C(=O)N1CCC[C@H]1C(=O)N[C@@H](CC1=CC=CC=C1)C(O)=O
np817,CC[C@H](C)[C@H](NC(=O)[C@H](CC1=CC=C(O)C=C1)NC(=O)[C@@H](NC(=O)[C@@H](N)CCCN=C(N)N)C(C)C)C(=O)N[C@@H](CC1=CN=CN1)C(=O)N1CCC[C@H]1C(=O)N[C@@H](CC1=CC=CC=C1)C(O)=O
np818,CC[C@H](C)[C@H](NC(=O)[C@H](CC1=CC=C(O)C=C1)NC(=O)[C@@H](N)C(C)C)C(=O)N[C@@H](CC1=CN=CN1)C(=O)N1CCC[C@H]1C(=O)N[C@@H](CC1=CC=CC=C1)C(O)=O
np819,[OH-]
np820,CCC(C)C(=O)SCCNC(=O)CCNC(=O)C(O)C(C)(C)COP(O)(=O)OP(O)(=O)OC[C@H]1O[C@H]([C@H](O)[C@@H]1OP(O)(O)=O)N1C=NC2=C1N=CN=C2N
np821,CCCCC\C=C/C\C=C/C\C=C/C\C=C/CCCC(O)=O
np822,NC1=NC(=O)C2=C(N1)N(C=N2)[C@H]1C[C@H](O)[C@@H](COP(O)(O)=O)O1
np823,CC(C)C[C@H](NC(=O)[C@H](CC1=CC=CC=C1)NC(=O)CNC(=O)CNC(=O)[C@@H](N)CC1=CC=C(O)C=C1)C(O)=O
np824,CN1C(CCC1=O)C1=CN=CC=C1
np825,OC[C@@]1(OP(O)(O)=O)O[C@H](COP(O)(O)=O)[C@@H](O)[C@@H]1O
np826,N[C@@H](CCC(=O)N[C@@H](CS)C(O)=O)C(O)=O
np827,[O-]Cl
np828,OCC(O)C=O
np829,CC(CO)C(=O)SCCNC(=O)CCNC(=O)C(O)C(C)(C)COP(O)(=O)OP(O)(=O)OCC1OC(C(O)C1OP(O)(O)=O)N1C=NC2=C(N)N=CN=C12
np830,OC[C@H]1O[C@@H](OP(=O)(O)OCCC(C)CC\C=C(\C)CCC=C(C)C)[C@H](O)[C@@H](O)[C@@H]1O
np831,NC1=NC2=C(N=C(CNC3=CC=C(C=C3)C(=O)N[C@@H](CCC(O)=O)C(O)=O)CN2)C(=O)N1
np832,C\C(CC(O)=O)=C/C(=O)SCCNC(=O)CCNC(=O)C(O)C(C)(C)COP(O)(=O)OP(O)(=O)OCC1OC(C(O)C1OP(O)(O)=O)N1C=NC2=C(N)N=CN=C12
np833,O[C@H]1[C@H](O)[C@](O)(COP(O)(O)=O)O[C@@H]1COP(O)(O)=O
np834,O[C@H]1C(OP(O)(O)=O)[C@H](O)[C@@H](OP(O)(O)=O)C(OP(O)(O)=O)[C@H]1OP(O)(O)=O
np835,COC1=C(OC)C(O)C(C\C=C(/C)CC\C=C(/C)CC\C=C(/C)CC\C=C(/C)CC\C=C(/C)CC\C=C(/C)CC\C=C(/C)CCC=C(C)C)=C(C)C1O
np836,[O-][I](=O)=O
np837,CC(=O)N[C@H]1C(O)O[C@H](COP(O)(O)=O)[C@@H](O)[C@@H]1O
np838,CC(C)=CCC\C(C)=C\CC\C(C)=C\CC\C(C)=C\CC\C(C)=C\CC\C(C)=C\CC1=C(O)C(O)=CC(=C1)C(O)=O
np839,CCCCC\C=C\C\C=C\CCCCCCCC(=O)SCCNC(=O)CCNC(=O)C(O)C(C)(C)COP(O)(=O)OP(O)(=O)OCC1OC(C(O)C1OP(O)(O)=O)N1C=NC2=C(N)N=CN=C12
np840,NCC(O)C1=CC=CC=C1
np841,C[C@@H](O)C(=O)SC[C@H](NC(=O)CC[C@H](N)C(O)=O)C(=O)NCC(O)=O
np842,CC(=O)NC(CC(O)=O)C(=O)NC(CCC(O)=O)C(O)=O
np843,OCC1(O)O[C@H](COP(O)(O)=O)[C@@H](O)[C@@H](O)[C@@H]1O
np844,NC1=C2N=CN(C3OC(CO)C(O)C3O)C2=NC(NC2=CC=CC=C2)=N1
np845,CCCCCCCC(=O)SCCNC(=O)CCNC(=O)C(O)C(C)(C)COP(O)(=O)OP(O)(=O)OCC1OC(C(O)C1OP(O)(O)=O)N1C=NC2=C(N)N=CN=C12
np846,COC1=C(OC)C(=O)C(C\C=C(/C)CC\C=C(/C)CC\C=C(/C)CC\C=C(/C)CC\C=C(/C)CC\C=C(/C)CC\C=C(/C)CC\C=C(/C)CC\C=C(/C)CCC=C(C)C)=C(C)C1=O
np847,OC[C@H]1O[C@](O)(COP(O)(O)=O)[C@@H](O)[C@@H]1O
np848,O[C@@H]1O[C@H](COP(O)(O)=O)[C@@H](O)[C@H](O)[C@@H]1O
np849,NCCCC=O
np850,[H][C@]1(O[C@@](C[C@H](O)[C@H]1NC(C)=O)(OC[C@H]1O[C@@H](O[C@H]2[C@H](O)[C@@H](NC(C)=O)[C@H](O)O[C@@H]2CO)[C@H](O)[C@@H](O)[C@H]1O)C(O)=O)[C@H](O)[C@H](O)CO
np851,CC1=C2N3C([C@H](CC(O)=O)[C@@]2(C)CCC(O)=O)[C@]2(C)[N]4=C([C@@H](CCC(O)=O)[C@]2(C)CC(N)=O)C(C)=C2[N]5=C(C=C6[N](=C1[C@@H](CCC(O)=O)C6(C)C)[Co+]345C[C@H]1O[C@H]([C@H](O)[C@@H]1O)N1C=NC3=C(N)N=CN=C13)[C@@H](CCC(O)=O)[C@]2(C)CC(N)=O
np852,OC(=O)C1=NCCCC1
np853,CCCCC\C=C/C[C@@H](O)\C=C\C=C\C=C/[C@@H](O)CCCC(O)=O
np854,OC(=O)CCC1=C2CC3=C(CCC(O)=O)C(CC(O)=O)=C(CC4=C(CC(O)=O)C(CCC(O)=O)=C(CC5=C(CC(O)=O)C(CCC(O)=O)=C(CC(N2)=C1CC(O)=O)N5)N4)N3
np855,CSC[C@H]1O[C@@H](O)[C@H](O)[C@@H]1O
np856,CCCC(=O)SCCNC(=O)CCNC(=O)C(O)C(C)(C)COP(O)(=O)OP(O)(=O)OCC1OC(C(O)C1OP(O)(O)=O)N1C=NC2=C1N=CN=C2N
np857,C[C@@](O)(CCOP(O)(=O)OP(O)(O)=O)CC(O)=O
np858,[H][C@]12CCN(C[C@]1(O)C=C)[C@@]([H])(C2)[C@H](O)C1=CC=NC2=CC=C(OC)C=C12
np859,[H][C@@]12CC[C@H]([C@H](C)CCC=C(C)C)[C@@]1(C)CCC1=C2CCC2CC(=O)CC[C@]12C
np860,CC(C)=CCC\C(C)=C\CC\C(C)=C\CC\C(C)=C\CC\C(C)=C\CC\C(C)=C\CC\C(C)=C\CC\C(C)=C\COP(O)(=O)OP(O)(O)=O
np861,C[C@@H]1OC(OP(O)(=O)OP(O)(=O)OC[C@H]2O[C@H]([C@H](O)[C@@H]2O)N2C=NC3=C2N=C(N)NC3=O)[C@@H](O)[C@H](O)[C@@H]1O
np862,NC(=O)OP(O)(O)=O
np863,CC1=C2CC3=C(C)C(C=C)=C(CC4=C(C)C(C=C)=C(CC5=C(C)C(CCC(O)=O)=C(CC(N2)=C1CCC(O)=O)N5)N4)N3
np864,COC1=CC=C(C=C1)C(O)=O
np865,CC(=O)N[C@H]1[C@H](N)O[C@H](CO)[C@@H](O)[C@@H]1O
np866,NCCC=O
np867,CN1C=[N+]([C@@H]2O[C@H](CO)[C@@H](O)[C@H]2O)C2=C1C(=O)N=C(N)N2
np868,N[C@@H]1[C@@H](O)[C@H](O)[C@@H](CO)O[C@H]1OP(O)(O)=O
np869,OC(COP(O)(O)=O)C=O
np870,CC(C)CC(=O)SCCNC(=O)CCNC(=O)C(O)C(C)(C)COP(O)(=O)OP(O)(=O)OC[C@H]1O[C@H]([C@H](O)[C@@H]1OP(O)(O)=O)N1C=NC2=C1N=CN=C2N
np871,CCCCCCCCCCCCCCCCCC(=O)SCCNC(=O)CCNC(=O)C(O)C(C)(C)COP(O)(=O)OP(O)(=O)OC[C@H]1O[C@H]([C@H](O)[C@@H]1OP(O)(O)=O)N1C=NC2=C1N=CN=C2N
np872,CC(C)(COP(O)(O)=O)[C@@H](O)C(=O)NCCC(=O)N[C@@H](CS)C(O)=O
np873,OC(CCC(O)=O)C1=CC=CN=C1
np874,CC(C)=CCO[P@](O)(=O)OP(O)(O)=O
np875,CC(=O)N[C@@H]1[C@@H](O)O[C@H](COP(O)(O)=O)[C@@H](O)[C@@H]1O
np876,CNC=O
np877,NC1=CC=CC=C1C(O)=O
np878,OC[C@H]1O[C@H](O[C@H]2O[C@H](COP(O)(O)=O)[C@@H](O)[C@H](O)[C@H]2O)[C@H](O)[C@@H](O)[C@@H]1O
np879,O[C@H]1[C@H]2OP(O)(=O)O[C@H]2[C@H](O)[C@@H](O)[C@@H]1O
np880,C1CNC(C1)C1=CC=CN=C1
np881,O[C@H]1[C@H](O)[C@@H](COP(O)(O)=O)OC(=O)[C@@H]1O
np882,N[C@@H]1O[C@H](COP(O)(O)=O)[C@@H](O)[C@H]1O
np883,[H][C@@]1(O)O[C@H](CO)[C@@H](O)[C@H](O)[C@@H]1NC(C)=O
np884,OC(=O)CC(=N)C(O)=O
np885,O[C@H]1[C@@H](O)[C@@H](O[C@@H]1COP(O)([O-])=O)[N+]1=CC=CC(C1)C(O)=O
np886,NC1=NC=NC2=C1N=CN2[C@@H]1O[C@H](COP(O)(=O)OS(O)(=O)=O)[C@@H](OP(O)(O)=O)[C@H]1O
np887,OCC1=C(CC(O)=O)C(CCC(O)=O)=C(CC2=C(CC(O)=O)C(CCC(O)=O)=C(CC3=C(CC(O)=O)C(CCC(O)=O)=C(CC4=C(CC(O)=O)C(CCC(O)=O)=CN4)N3)N2)N1
np888,CC(=O)NC(CCC(O)=O)C(O)=O
np889,CCCCC[C@H](O)\C=C\[C@H]1[C@H](O)C[C@H](O)[C@@H]1C\C=C\CCCC(O)=O
np890,CCCCCCCC=O
np891,CC1=CC2=C(C=C1C)N(C[C@H](O)[C@H](O)[C@H](O)COP(O)(O)=O)C1=C(N2)C(=O)NC(=O)N1
np892,O[C@@H]1[C@@H](O)[C@H](OP(O)(O)=O)[C@@H](OP(O)(O)=O)[C@@H](O)[C@H]1OP(O)(O)=O
np893,NC(C(O)=O)C(O)=O
np894,NCC(=O)CCC(O)=O
np895,[H][C@@]1(CO)OC(O)[C@@]([H])(O)[C@@]([H])(O)[C@@]1([H])O
np896,NC1=C2N=CN([C@H]3O[C@@H](COP(O)(=O)OP(O)(=O)OP(O)(=O)OC[C@H]4O[C@H]([C@H](O)[C@@H]4O)N4C=NC5=C(N)N=CN=C45)[C@H](O)[C@@H]3O)C2=NC=N1
np897,CC(C(C)=O)C(=O)SCCNC(=O)CCNC(=O)C(O)C(C)(C)COP(O)(=O)OP(O)(=O)OCC1OC(C(O)C1OP(O)(O)=O)N1C=NC2=C(N)N=CN=C12
np898,CCCCCCCCCCCCCCCCCCCCCCC(O)=O
np899,C[N+](C)(C)CCCC(O)=O
np900,CC(C)=CCC\C(C)=C\CC\C(C)=C\CCC(O)C1=C(C)/C2=C/C3=N/C(=C\C4=C(CCC(O)=O)C(C)=C5/C=C6\N=C(\C=C\1/N\2[Fe]N45)C(C)=C6C=C)/C(CCC(O)=O)=C3C
np901,NC1=NC2=C(N=CN2[C@@H]2O[C@H](COP(O)(=O)OP(O)(=O)O[C@H]3O[C@H](CO)[C@@H](O)[C@H](O)[C@@H]3O)[C@@H](O)[C@H]2O)C(=O)N1
np902,O[C@@H]1C=CC=C[C@H]1O
np903,CC(=O)N[C@@H]1[C@@H](O)C[C@@H](COS(O)(=O)=O)O[C@H]1O[C@H]1[C@@H](O)[C@@H](COS(O)(=O)=O)O[C@@H](O[C@H]2[C@H](O)[C@@H](NC(C)=O)[C@H](O[C@@H]3[C@@H](O)[C@H](O)O[C@H](COS(O)(=O)=O)[C@@H]3O)O[C@@H]2COS(O)(=O)=O)[C@@H]1O
np904,C[C@@H](O)CC(=O)SCCNC(=O)CCNC(=O)C(O)C(C)(C)COP(O)(=O)OP(O)(=O)OC[C@H]1O[C@H]([C@H](O)[C@@H]1OP(O)(O)=O)N1C=NC2=C1N=CN=C2N
np905,CC(=O)C=O
np906,CCCCC\C=C\C=C\C(=O)SCCNC(=O)CCNC(=O)C(O)C(C)(C)COP(=O)(O)OP(=O)(O)OC[C@H]1O[C@H]([C@H](O)[C@@H]1OP(O)(=O)O)N1C=NC2=C1N=CN=C2N
np907,NC1=CC=C(O)C=C1
np908,[H][C@@]1(CC[C@@]2([H])C3=CC[C@@]4([H])C[C@@H](O)CC[C@]4(C)[C@@]3([H])CC[C@]12C)[C@H](C)CCCC(C)C
np909,CC(C=O)C(O)=O
np910,CSC[C@H]1O[C@H]([C@H](O)[C@@H]1O)N1C=NC2=C1N=CN=C2N
np911,CC(C)(COP(O)(=O)OP(O)(=O)OC[C@H]1O[C@H]([C@H](O)[C@@H]1OP(O)(O)=O)N1C=NC2=C1N=CN=C2N)C(O)C(=O)NCCC(=O)NCCSC(=O)CC(O)=O
np912,[H][C@]1(O[C@](C[C@H](O)[C@H]1NC(C)=O)(OP(O)(=O)OC[C@H]1O[C@H]([C@H](O)[C@@H]1O)N1C=CC(N)=NC1=O)C(O)=O)[C@H](O)[C@H](O)CO
np913,NC(=O)CCCC[C@H](CCS)SC(=O)CCC(O)=O
np914,NC1=C2N=CN(C3OC(COP(O)(=O)OP(O)(=O)OCC4OC(O)C(O)C4O)C(O)C3O)C2=NC=N1
np915,NC1=C2N=CN([C@@H]3O[C@H](COP(O)(=O)OP(O)(=O)OC[C@H]4O[C@H]([C@H](O)[C@@H]4O)[N+]4=CC=CC(=C4)C(O)=O)[C@@H](O)[C@H]3O)C2=NC=N1
np916,OC(=O)CCC(=O)N[C@@H](CCC=O)C(O)=O
np917,[H][C@@]12CCC3=C(CC[C@]4(C)C(CCC34)[C@H](C)CCC=C(C)C)[C@@]1(C)CC[C@H](O)[C@@]2(C)C(O)=O
np918,O=C1NC2=C(N1)C(=O)N=CN2
np919,CCCCCCCCO
np920,C\C=C\C(C)=O
np921,C[S+](CC[C@H](N)C(O)=O)C[C@H]1O[C@H]([C@H](O)[C@@H]1O)N1C=NC2=C(N)N=CN=C12
np922,CC(=O)NCCCNCCCCNCCCN
np923,O[C@H]1[C@H](OP(O)(O)=O)[C@@H](OP(O)(O)=O)[C@@H](O)[C@@H](OP(O)(O)=O)[C@@H]1OP(O)(O)=O
np924,CC(C)=CCC\C(C)=C\CC\C(C)=C/CC\C=C(/C)CC\C=C(\C)CC[C@]1([H])OC1(C)C
np925,CN1CCC2=CC(O)=C(O)C=C2C1
np926,O=CCC1=CNC2=CC=CC=C12
np927,O[C@H]1C[C@@H](O[C@@H]1COP(O)(=O)OP(O)(=O)OP(O)(O)=O)N1C=CC(=O)NC1=O
np928,NC1=NC=NC2=C1N=CN2[C@@H]1OC(COP(O)(=O)OP(O)(=O)OP(O)(=O)OP(O)(=O)OP(O)(=O)OC[C@H]2OC([C@H](O)[C@@H]2O)N2C=NC3=C(N)N=CN=C23)[C@@H](O)[C@H]1O
np929,CCCCC\C=C/C\C=C/C\C=C/C=C/[C@H](CCCC(O)=O)OO
np930,CC(=O)C(=O)C1CNC2=C(N1)C(=O)NC(N)=N2
np931,OC[C@H]1O[C@@H](O[C@H]2[C@H](O)[C@@H](NC(O)=O)[C@@H](O[C@@H]2CO)OP(=O)(O)OP(O)(=O)OCCC(C)CC\C=C(/C)CC=C(C)C)[C@H](NC(O)=O)[C@@H](O)[C@@H]1O
np932,CC1=CC2=C(C=C1C)N(C[C@H](O)[C@H](O)[C@H](O)COP(O)(=O)OP(O)(=O)OC[C@H]1O[C@H]([C@H](O)[C@@H]1O)N1C=NC3=C1N=CN=C3N)C1=C(N2)C(=O)NC(=O)N1
np933,CCCCC\C=C/C\C=C/C=C/C=C/[C@@H](SC[C@H](NC(=O)CC[C@H](N)C(O)=O)C(=O)NCC(O)=O)[C@@H](O)CCCC(O)=O
np934,NCCC[C@H](NC(=O)CCC(O)=O)C(O)=O
np935,NC(CC(=O)C1=CC=CC=C1NC=O)C(O)=O
np936,NC1=NC2=C(N=CN2[C@@H]2O[C@H](COP(O)(=O)OP(O)(O)=O)[C@@H](O)[C@H]2O)C(=O)N1
np937,NC1=NC(=O)N(C=C1)[C@H]1C[C@H](O)[C@@H](COP(O)(O)=O)O1
np938,CC(CCC=C(C)C)C1CCC2C3=C(CCC12C)C1(C)CCC(O)C(C=O)C1CC3
np939,[H][C@@]1(O[C@@H]2CC(N(C)C2=O)C2=CC=CN=C2)O[C@@H]([C@@H](O)[C@H](O)[C@H]1O)C(O)=O
np940,CC(=O)SCCNC(=O)CCNC(=O)[C@H](O)C(C)(C)COP(O)(=O)OP(O)(=O)OC[C@H]1O[C@H]([C@H](O)[C@@H]1OP(O)(O)=O)N1C=NC2=C1N=CN=C2N
np941,NC(=O)NC(NC(N)=O)C(O)=O
np942,NC1=C2N=CN([C@@H]3O[C@H](COP(O)(=O)OP(O)(=O)OP(O)(=O)OP(O)(=O)OC[C@H]4O[C@H]([C@H](O)[C@@H]4O)N4C=NC5=C(N)N=CN=C45)[C@@H](O)[C@H]3O)C2=NC=N1
np943,OC(=O)CCC1NC(=O)NC1=O
np944,CC(=O)[C@@H](O)[C@H](O)COP(O)(O)=O
np945,C1CNC2=C(N1)C=NC=N2
np946,[H][C@@]1(CC[C@@]2([H])C3=C(CC[C@]12C)[C@@]1(C)CC[C@H](O)[C@@H](C)[C@]1([H])CC3)[C@H](C)CCC=C(C)C
np947,O=C1OC2=CC=CC=C2C=C1
np948,OC1C2(Cl)C3(Cl)C4(Cl)C1(Cl)C1(Cl)C2(Cl)C3(Cl)C(Cl)(Cl)C41Cl
np949,CCCCC[C@H](O)\C=C\[C@H]1[C@H](O)CC(=O)[C@@H]1C\C=C/CCCC(O)=O
np950,CC1=CN([C@H]2C[C@H](O)[C@@H](COP(O)(O)=O)O2)C(=O)NC1=O
np951,N[C@@H](CCC(=O)OP(O)(O)=O)C(O)=O
np952,N[C@@H](CC1=CC(=O)C(=O)C=C1)C(O)=O
np953,[H][C@@]1(CC[C@@]2([H])[C@]3([H])[C@H](O)C[C@]4([H])C[C@H](O)CC[C@]4(C)[C@@]3([H])C[C@H](O)[C@]12C)[C@H](C)CCCC(C)CO
np954,OC1=CC=C(C=C1)[N+]([O-])=O
np955,NC1=CN=CN1[C@@H]1O[C@H](COP(O)(O)=O)[C@@H](O)[C@H]1O
np956,CC(=O)NCCC1=CNC2=C1C=C(O)C=C2
np957,CNCCCC(=O)C1=CC=CN=C1
np958,N\C(=C\C=C/C(O)=O)C(O)=O
np959,CC(CCC=C(C)C)C1CCC2(CO)C3=C(CCC12C)C1(C)CCC(O)C(C)(C)C1CC3
np960,CC(C)C(=O)SCCNC(=O)CCNC(=O)[C@H](O)C(C)(C)COP(O)(=O)OP(O)(=O)OC[C@H]1O[C@H]([C@H](O)[C@@H]1OP(O)(O)=O)N1C=NC2=C1N=CN=C2N
np961,CCCCCC(=O)CC[C@H]1C=CC(=O)[C@@H]1C\C=C/CCCC(O)=O
np962,NC1=NC(=O)N(C=C1)[C@H]1C[C@H](O)[C@@H](COP(O)(=O)OP(O)(O)=O)O1
np963,[Al+3]
np964,CC1=CC2=C(C=C1C)N(C[C@H](O)[C@H](O)[C@H](O)CO[P@](O)(=O)O[P@@](O)(=O)OC[C@H]1O[C@H]([C@H](O)[C@@H]1O)N1C=NC3=C1N=CN=C3N)C1=NC(=O)NC(=O)C1=N2
np965,CC(=O)NC1=CC=CC=C1
np966,[H][C@@]1(CC[C@@]2(C)C3=C(CC[C@]12C)[C@@]1(C)CC[C@H](O)C(C)(C)[C@]1([H])CC3)[C@H](C)CCC=C(C)C
np967,C[N+](C)(C)CC=O
np968,OC(=O)C1=CC2=C(N1)C=C(O)C(O)=C2
np969,N[C@H]1[C@@H](O)O[C@H](COP(O)(O)=O)[C@@H](O)[C@@H]1O
np970,NCCCNCCCCNCCCN
np971,NCCCCNCCCN
np972,OC(=O)CCC=O
np973,NC(CCC\N=C(/N)NC1OC(COP(O)(=O)OP(O)(=O)OCC2OC(C(O)C2O)N2C=NC3=C(N)N=CN=C23)C(O)C1O)C(O)=O
np974,CC1=C2CC3=C(C)C(CCC(O)=O)=C(CC4=C(CCC(O)=O)C(C)=C(CC5=C(CCC(O)=O)C(C)=C(CC(N2)=C1CCC(O)=O)N5)N4)N3
np975,OC[C@H]1O[C@H](O[C@H]2[C@H](O)[C@@H](O)[C@@H](O[C@H]3[C@H](O)[C@@H](O)C(O)O[C@@H]3CO)O[C@@H]2CO)[C@H](O)[C@@H](O)[C@@H]1O
np976,NC(CCCC=O)C(O)=O
np977,[H][C@@]1(OC(=O)C(=O)C1=O)[C@H](O)CO
np978,C[C@@H]1OC(OP(O)(O)=O)[C@@H](O)[C@H](O)[C@@H]1O
np979,OC[C@@]1(O)OC[C@H](O)[C@@H](O)[C@@H]1O
np980,NC(=O)CCC(=O)C1=CN=CC=C1
np981,OC(=O)CC(=O)CC(=O)\C=C\C(O)=O
np982,C[C@@H](C(O)=O)C(=O)SCCNC(=O)CCNC(=O)C(O)C(C)(C)COP(O)(=O)OP(O)(=O)OC[C@H]1O[C@H]([C@H](O)[C@@H]1OP(O)(O)=O)N1C=NC2=C1N=CN=C2N
np983,OC(COP(O)(O)=O)C(=O)OP(O)(O)=O
np984,O[C@H]1[C@@H](O)[C@@H](O[C@@H]1COP(O)(O)=O)C1=CNC(=O)NC1=O
np985,CN1CCC[C@H]1C1=C[N+](=CC=C1)[C@H]1O[C@@H]([C@@H](O)[C@H](O)[C@H]1O)C([O-])=O
np986,NC1=NC2=C(N=CN2[C@@H]2O[C@H](COP(O)(=O)OP(O)(=O)OP(O)(O)=O)[C@@H](O)[C@H]2O)C(=O)N1
np987,CC1=CN([C@H]2C[C@H](O)[C@@H](COP(O)(=O)OP(O)(O)=O)O2)C(=O)NC1=O
np988,CCC(=O)SCCNC(=O)CCNC(=O)C(O)C(C)(C)COP(O)(=O)OP(O)(=O)OC[C@H]1O[C@H]([C@H](O)[C@@H]1OP(O)(O)=O)N1C=NC2=C1N=CN=C2N
np989,CC(=O)NCCCNCCCCN
np990,CC(C)=CCC\C(C)=C\CC\C(C)=C\[C@@]1([H])[C@]([H])(COP(O)(=O)OP(O)(O)=O)[C@@]1(C)CC\C=C(/C)CCC=C(C)C
np991,N\C(=C\C=C/C=O)C(O)=O
np992,NC1=C2N=CN([C@@H]3O[C@H](COP(O)(=O)OP(O)(=O)OP(O)(=O)OP(O)(=O)OP(O)(=O)OP(O)(=O)OC[C@H]4O[C@H]([C@H](O)[C@@H]4O)N4C=NC5=C(N)N=CN=C45)[C@@H](O)[C@H]3O)C2=NC=N1
np993,CC(C)=CCC\C(C)=C\CO[P@@](=O)(O)OP(=O)(O)O
np994,[H][C@@]12CCC([C@H](C)CCC=C(C)C)[C@@]1(C)CCC1=C2CC[C@@]2([H])C(C)(C)[C@@H](O)CC[C@]12C
np995,CC(C)(COP(O)(=O)OP(O)(=O)OCC1OC(C(O)C1OP(O)(O)=O)N1C=NC2=C1N=CN=C2N)C(O)C(=O)NCCC(=O)NCCSC(=O)C=CCC(O)=O
np996,CCCCCCC\C=C\C(=O)SCCNC(=O)CCNC(=O)C(O)C(C)(C)COP(O)(=O)OP(O)(=O)OCC1OC(C(O)C1OP(O)(O)=O)N1C=NC2=C(N)N=CN=C12
np997,OC[C@@H]1OC[C@@H](O)[C@@H]1O
np998,OC(=O)[C@@H](COP(O)(O)=O)OP(O)(O)=O
np999,CC(C)CCC[C@@H](C)CCC[C@@H](C)CCC[C@H](C)C(O)C(=O)SCCNC(=O)CCNC(=O)C(O)C(C)(C)COP(O)(=O)OP(O)(=O)OC[C@H]1O[C@H]([C@H](O)[C@@H]1OP(O)(O)=O)N1C=NC2=C1N=CN=C2N
np1000,OC[C@H]1O[C@H](O[C@H]2[C@H](O)[C@@H](O)[C@@H](O[C@H]3[C@H](O)[C@@H](O)[C@@H](O[C@H]4[C@H](O)[C@@H](O)C(O)O[C@@H]4CO)O[C@@H]3CO)O[C@@H]2CO)[C@H](O)[C@@H](O)[C@@H]1O
